RiskPerformance,ExternalRiskEstimate,MSinceOldestTradeOpen,MSinceMostRecentTradeOpen,AverageMInFile,NumSatisfactoryTrades,NumTrades60Ever2DerogPubRec,NumTrades90Ever2DerogPubRec,PercentTradesNeverDelq,MSinceMostRecentDelq,MaxDelq2PublicRecLast12M,MaxDelqEver,NumTotalTrades,NumTradesOpeninLast12M,PercentInstallTrades,MSinceMostRecentInqexcl7days,NumInqLast6M,NumInqLast6Mexcl7days,NetFractionRevolvingBurden,NetFractionInstallBurden,NumRevolvingTradesWBalance,NumInstallTradesWBalance,NumBank2NatlTradesWHighUtilization,PercentTradesWBalance,percent,DelqEver,DelqLast12M,PercentSatisfactoryTrades,NumTradesWBalance
Good,71,308.0,7,104,39,0,0,98,73.0,7,6,40,3,30,0,0,0,75,99.0,11,1,5.0,81,0.15600624024961,True,False,98.0,32
Good,75,381.0,15,108,20,0,0,95,14.0,7,6,20,0,45,1,2,2,32,64.0,6,4,3.0,77,0.15600624024961,True,False,100.0,15
Bad,58,216.0,12,86,23,0,0,88,3.0,6,6,53,0,29,1,1,1,84,,7,1,5.0,75,0.5319148936170213,True,True,43.0,39
Bad,73,191.0,17,53,19,0,0,100,122.0,7,7,20,0,25,36,0,0,31,78.0,4,3,1.0,54,0.15600624024961,False,False,95.0,10
Good,89,280.0,23,107,16,0,0,100,122.0,7,7,16,0,50,0,0,0,7,38.0,1,2,0.0,60,0.15600624024961,False,False,100.0,9
Good,79,94.0,5,52,25,0,0,100,122.0,7,7,25,2,16,5,2,2,10,78.0,5,2,0.0,50,0.15600624024961,False,False,100.0,12
Bad,69,129.0,13,63,24,1,0,80,20.0,7,5,25,0,24,36,0,0,51,71.0,4,3,2.0,53,0.15600624024961,True,False,96.0,13
Bad,67,166.0,17,65,14,0,0,100,122.0,7,7,14,0,36,36,1,1,66,58.0,7,4,3.0,92,0.15600624024961,False,False,100.0,12
Bad,86,238.0,17,112,22,0,0,95,52.0,7,6,23,0,35,24,0,0,0,41.0,0,3,0.0,33,0.15600624024961,True,False,96.0,7
Bad,80,347.0,8,76,24,0,0,100,122.0,7,7,26,2,54,10,0,0,13,54.0,2,3,1.0,71,0.15600624024961,False,False,92.0,18
Good,62,89.0,22,61,24,0,0,92,31.0,7,6,25,0,36,11,0,0,70,,4,1,2.0,63,0.15600624024961,True,False,96.0,15
Bad,56,64.0,18,48,2,1,1,75,8.0,2,6,5,0,100,0,0,0,27,,3,1,0.5,100,0.5319148936170213,True,True,40.0,5
Good,69,469.0,4,106,33,1,1,78,8.0,6,3,36,2,25,0,0,0,2,,5,1,0.0,38,0.5319148936170213,True,True,92.0,13
Bad,66,387.0,57,174,13,1,1,80,26.0,7,4,15,0,40,1,1,1,38,45.0,4,2,3.0,86,0.15600624024961,True,False,87.0,12
Good,56,172.0,4,64,16,2,0,68,5.0,6,5,19,3,37,0,0,0,46,86.0,4,2,1.0,55,0.5319148936170213,True,True,84.0,10
Bad,70,159.0,3,62,29,0,0,86,1.0,6,6,29,6,48,36,1,1,9,69.0,2,6,2.0,57,0.5319148936170213,True,True,100.0,16
Bad,72,85.0,6,52,10,0,0,100,122.0,7,7,11,1,18,0,4,4,49,,2,1,1.0,50,0.15600624024961,False,False,91.0,5
Good,66,174.0,1,75,38,0,0,100,122.0,7,7,40,5,40,36,6,6,77,60.0,4,8,3.0,75,0.15600624024961,False,False,95.0,30
Bad,62,104.0,2,49,21,0,0,100,122.0,7,7,24,2,26,1,3,3,67,13.0,7,2,3.0,60,0.15600624024961,False,False,88.0,14
Good,91,344.0,26,145,16,0,0,100,122.0,7,7,16,0,38,7,0,0,2,,3,2,0.0,38,0.15600624024961,False,False,100.0,6
Bad,66,138.0,6,75,42,0,0,100,122.0,7,7,46,2,46,0,1,1,89,92.0,6,2,2.0,100,0.15600624024961,False,False,91.0,46
Bad,56,23.0,7,15,6,0,0,100,122.0,7,7,6,2,33,0,11,11,95,,3,1,1.0,100,0.15600624024961,False,False,100.0,6
Good,80,117.0,2,53,22,0,0,96,59.0,7,6,23,3,17,36,1,1,2,,2,1,1.0,25,0.15600624024961,True,False,96.0,5
Bad,64,199.0,23,69,18,1,1,89,18.0,7,6,20,0,20,0,2,2,51,0.0,7,3,2.0,67,0.15600624024961,True,False,90.0,13
Good,77,85.0,7,42,13,0,0,92,59.0,7,6,13,4,15,1,3,3,8,98.0,4,2,0.0,67,0.15600624024961,True,False,100.0,8
Bad,59,221.0,4,78,12,4,1,61,27.0,7,3,19,3,26,0,2,2,88,87.0,10,2,5.0,100,0.15600624024961,True,False,63.0,19
Good,81,148.0,1,72,16,0,0,94,62.0,7,6,18,2,39,0,2,2,0,94.0,0,3,0.5,75,0.15600624024961,True,False,89.0,13
Bad,58,165.0,8,79,27,0,0,96,19.0,7,6,27,1,37,4,1,1,85,78.0,9,5,5.0,100,0.15600624024961,True,False,100.0,27
Good,65,54.0,2,26,20,0,0,95,29.0,7,6,22,5,27,1,4,4,36,84.0,5,2,2.0,47,0.15600624024961,True,False,91.0,10
Bad,74,104.0,5,49,13,0,0,100,122.0,7,7,13,1,31,36,0,0,60,81.0,5,3,1.0,100,0.15600624024961,False,False,100.0,13
Good,81,271.0,3,85,19,0,0,95,16.0,7,6,21,3,33,4,1,1,6,,3,1,1.0,36,0.15600624024961,True,False,90.0,7
Bad,58,274.0,11,144,9,2,0,64,41.0,6,5,11,1,36,0,3,3,68,15.0,2,3,1.0,100,0.5319148936170213,True,True,82.0,11
Good,92,372.0,10,176,25,0,0,100,122.0,7,7,68,1,28,0,0,0,3,,2,2,0.0,67,0.15600624024961,False,False,37.0,45
Good,75,224.0,19,97,21,0,0,100,122.0,7,7,21,0,33,36,0,0,57,49.0,2,2,2.0,36,0.15600624024961,False,False,100.0,7
Bad,54,375.0,3,99,44,0,0,84,1.0,6,6,44,4,45,0,2,2,72,70.0,10,4,4.0,64,0.5319148936170213,True,True,100.0,28
Good,59,247.0,4,92,31,4,3,97,44.0,7,5,33,3,21,2,4,3,53,,5,1,3.0,47,0.15600624024961,True,False,94.0,15
Bad,57,208.0,4,69,20,0,0,65,3.0,6,6,20,2,40,0,6,6,70,100.0,4,3,2.0,64,0.5319148936170213,True,True,100.0,12
Bad,81,152.0,25,83,8,0,0,100,122.0,7,7,8,0,88,0,0,0,0,68.0,0,2,0.5,67,0.15600624024961,False,False,100.0,5
Good,72,131.0,7,57,24,0,0,100,122.0,7,7,24,2,25,0,0,0,28,42.0,6,2,2.0,50,0.15600624024961,False,False,100.0,12
Good,58,214.0,20,122,6,3,2,54,2.0,5,3,13,0,62,36,0,0,11,60.0,3,2,0.0,83,0.5319148936170213,True,True,46.0,10
Bad,68,103.0,5,47,36,0,0,100,122.0,7,7,36,3,31,36,1,1,80,80.0,8,4,5.0,71,0.15600624024961,False,False,100.0,25
Bad,75,232.0,10,126,16,3,0,76,7.0,6,5,21,2,5,0,0,0,24,,8,2,0.0,50,0.5319148936170213,True,True,76.0,10
Bad,67,68.0,3,21,8,0,0,100,122.0,7,7,8,3,13,0,1,1,57,,3,1,0.0,67,0.15600624024961,False,False,100.0,5
Good,78,306.0,1,80,19,0,0,90,13.0,7,6,20,3,40,0,1,1,9,,6,1,0.0,64,0.15600624024961,True,False,95.0,12
Bad,62,274.0,11,105,37,0,0,87,13.0,7,6,39,1,15,36,1,1,52,16.0,14,3,2.0,83,0.15600624024961,True,False,95.0,32
Bad,68,156.0,4,75,31,0,0,94,12.0,7,6,35,1,37,36,0,0,41,85.0,5,2,0.0,70,0.15600624024961,True,False,89.0,24
Good,56,195.0,2,57,40,0,0,95,7.0,6,6,83,2,37,1,4,4,38,83.0,8,6,4.0,71,0.5319148936170213,True,True,48.0,58
Bad,85,77.0,13,40,8,0,0,100,122.0,7,7,8,0,50,0,0,0,4,,1,1,0.0,40,0.15600624024961,False,False,100.0,3
Bad,65,298.0,16,102,28,0,0,79,8.0,6,6,29,0,45,0,1,1,41,72.0,4,3,2.0,73,0.5319148936170213,True,True,97.0,21
Good,85,232.0,2,105,26,0,0,100,122.0,7,7,41,2,39,0,2,2,5,,3,3,1.0,46,0.15600624024961,False,False,63.0,18
Bad,73,211.0,11,108,26,0,0,97,8.0,6,6,29,1,14,0,0,0,15,,6,1,0.0,47,0.5319148936170213,True,True,90.0,13
Bad,86,294.0,9,118,16,0,0,100,122.0,7,7,16,1,19,0,0,0,18,,2,2,0.0,44,0.15600624024961,False,False,100.0,7
Bad,60,37.0,9,22,11,0,0,100,122.0,7,7,11,1,55,36,8,8,112,61.0,3,1,0.0,100,0.15600624024961,False,False,100.0,11
Bad,73,407.0,2,72,29,0,0,90,6.0,6,6,59,2,10,1,4,4,0,56.0,3,1,0.0,31,0.5319148936170213,True,True,49.0,18
Bad,73,211.0,5,71,38,0,0,98,42.0,7,6,43,5,49,0,1,1,33,100.0,4,4,0.0,57,0.15600624024961,True,False,88.0,24
Good,80,172.0,1,92,21,0,0,100,122.0,7,7,22,2,27,0,1,1,37,,4,1,1.0,83,0.15600624024961,False,False,95.0,18
Good,84,138.0,3,69,13,0,0,100,122.0,7,7,13,2,31,0,0,0,26,,3,1,0.0,80,0.15600624024961,False,False,100.0,10
Bad,75,336.0,9,98,22,1,0,91,13.0,7,5,23,1,39,0,0,0,16,91.0,2,3,0.0,83,0.15600624024961,True,False,96.0,19
Good,83,294.0,4,110,22,0,0,86,16.0,7,6,22,2,45,0,0,0,1,96.0,2,2,0.0,36,0.15600624024961,True,False,100.0,7
Bad,58,188.0,5,83,8,0,0,64,2.0,6,6,11,3,9,0,1,1,59,,5,1,1.0,88,0.5319148936170213,True,True,73.0,9
Good,74,304.0,10,78,18,0,0,89,15.0,7,6,23,1,53,3,2,2,7,54.0,3,3,0.0,67,0.15600624024961,True,False,78.0,15
Bad,64,142.0,1,34,12,2,2,85,35.0,7,2,21,6,33,0,2,2,24,67.0,5,3,0.0,67,0.15600624024961,True,False,57.0,14
Good,84,160.0,4,70,18,0,0,100,122.0,7,7,18,2,39,0,0,0,26,97.0,2,2,0.0,40,0.15600624024961,False,False,100.0,7
Bad,63,197.0,15,91,39,0,0,98,18.0,7,6,40,0,30,0,2,2,58,22.0,8,2,3.0,56,0.15600624024961,True,False,98.0,22
Good,75,90.0,4,40,20,0,0,95,79.0,7,6,20,5,15,0,0,0,26,96.0,10,2,0.0,75,0.15600624024961,True,False,100.0,15
Bad,70,172.0,19,85,29,0,0,100,122.0,7,7,31,0,16,0,1,1,65,,9,1,3.0,77,0.15600624024961,False,False,94.0,23
Good,90,233.0,14,100,20,0,0,100,122.0,7,7,20,0,35,0,0,0,10,,4,3,0.0,54,0.15600624024961,False,False,100.0,10
Bad,63,316.0,16,92,27,0,0,85,31.0,7,6,27,0,30,0,1,1,76,65.0,11,3,5.0,74,0.15600624024961,True,False,100.0,19
Good,71,108.0,1,55,14,1,1,88,62.0,7,3,17,4,63,2,3,3,37,95.0,2,3,0.0,63,0.15600624024961,True,False,82.0,10
Bad,56,57.0,16,30,6,4,4,67,4.0,2,2,9,0,89,0,1,1,0,70.0,1,2,0.0,100,0.5319148936170213,True,True,67.0,9
Good,64,303.0,15,116,18,6,5,65,31.0,7,2,19,0,52,0,2,2,12,13.0,3,4,0.0,70,0.15600624024961,True,False,95.0,13
Bad,85,358.0,36,157,4,1,0,80,55.0,7,5,5,0,0,0,0,0,0,,0,2,0.0,0,0.15600624024961,True,False,80.0,0
Good,85,165.0,10,90,16,0,0,100,122.0,7,7,16,1,31,0,2,2,0,,1,2,0.0,50,0.15600624024961,False,False,100.0,8
Good,61,46.0,1,18,20,0,0,100,122.0,7,7,21,5,14,2,2,2,51,60.0,13,2,2.0,84,0.15600624024961,False,False,95.0,17
Bad,52,158.0,4,39,25,0,0,88,11.0,6,6,26,9,50,0,7,6,82,89.0,7,4,2.0,92,0.5319148936170213,True,True,96.0,23
Bad,89,179.0,5,77,22,0,0,100,122.0,7,7,22,1,41,36,0,0,1,95.0,1,3,0.0,80,0.15600624024961,False,False,100.0,17
Bad,65,183.5,2,13,5,0,0,100,122.0,7,7,7,4,57,36,2,2,54,88.0,2,2,0.0,80,0.15600624024961,False,False,71.0,5
Bad,69,306.0,8,48,21,0,0,91,18.0,7,6,37,1,27,36,1,1,38,77.0,5,3,2.0,50,0.15600624024961,True,False,57.0,18
Good,70,51.0,11,36,8,0,0,100,122.0,7,7,8,1,75,0,1,1,27,74.0,3,2,0.5,100,0.15600624024961,False,False,100.0,8
Bad,58,149.0,4,64,30,0,0,93,34.0,7,6,30,3,37,0,3,3,90,77.0,7,8,4.0,83,0.15600624024961,True,False,100.0,24
Good,80,378.0,21,163,20,0,0,100,122.0,7,7,21,0,29,17,0,0,45,63.0,8,2,1.0,83,0.15600624024961,False,False,95.0,17
Bad,63,187.0,23,110,12,2,2,80,67.0,7,4,15,0,53,16,0,0,81,,2,2,1.0,100,0.15600624024961,True,False,80.0,15
Bad,69,126.0,2,48,20,0,0,100,122.0,7,7,21,2,43,0,1,1,79,73.0,5,3,3.0,67,0.15600624024961,False,False,95.0,14
Good,72,199.0,0,84,15,1,1,94,35.0,7,2,19,3,47,0,3,3,10,,4,2,0.0,56,0.15600624024961,True,False,79.0,10
Bad,74,228.0,8,78,19,0,0,100,122.0,7,7,20,1,50,0,0,0,61,93.0,4,2,0.0,100,0.15600624024961,False,False,95.0,20
Good,81,58.0,34,49,5,0,0,100,122.0,7,7,5,0,80,0,0,0,14,60.0,1,2,0.5,100,0.15600624024961,False,False,100.0,5
Bad,61,281.0,9,107,22,2,0,79,2.0,6,5,24,4,42,6,0,0,86,91.0,3,3,2.0,78,0.5319148936170213,True,True,92.0,18
Good,69,99.0,8,40,16,0,0,94,8.0,6,6,17,3,19,9,0,0,22,,5,2,1.0,100,0.5319148936170213,True,True,94.0,17
Good,78,436.0,3,91,19,1,1,95,60.0,7,4,20,3,25,0,0,0,28,93.0,2,2,1.0,67,0.15600624024961,True,False,95.0,13
Bad,61,132.0,1,71,12,2,0,81,71.0,7,5,16,3,31,0,5,5,86,,7,1,3.0,80,0.15600624024961,True,False,75.0,12
Bad,61,79.0,4,36,19,0,0,95,5.0,6,6,19,3,26,0,6,6,31,86.0,5,3,1.0,62,0.5319148936170213,True,True,100.0,11
Good,80,342.0,3,122,38,0,0,100,122.0,7,7,39,4,28,3,3,3,0,,2,2,0.0,43,0.15600624024961,False,False,97.0,16
Good,72,413.0,10,70,31,0,0,97,54.0,7,6,31,2,74,0,1,1,25,,2,1,1.0,43,0.15600624024961,True,False,100.0,13
Good,73,200.0,2,83,32,0,0,100,122.0,7,7,48,3,42,1,3,3,25,97.0,4,1,1.0,71,0.15600624024961,False,False,67.0,34
Good,82,191.0,9,77,31,0,0,90,22.0,7,6,31,1,16,0,1,1,7,82.0,4,1,0.0,42,0.15600624024961,True,False,100.0,13
Good,70,252.0,2,79,50,0,0,98,24.0,7,6,56,4,32,36,7,7,28,65.0,3,5,1.0,40,0.15600624024961,True,False,89.0,22
Good,72,242.0,33,115,11,3,0,71,19.0,7,5,14,0,43,9,0,0,52,,3,1,1.0,100,0.15600624024961,True,False,79.0,14
Bad,62,153.0,20,40,5,0,0,20,7.0,6,6,12,0,100,36,0,0,27,75.0,3,2,0.5,100,0.5319148936170213,True,True,42.0,12
Good,87,341.0,6,101,32,0,0,100,122.0,7,7,33,1,3,0,0,0,6,,3,2,0.0,27,0.15600624024961,False,False,97.0,8
Good,84,131.0,10,61,30,0,0,100,122.0,7,7,30,2,53,36,0,0,18,22.0,3,2,0.0,63,0.15600624024961,False,False,100.0,18
Bad,64,283.0,18,94,30,2,0,88,3.0,5,5,33,0,33,0,2,1,31,86.0,10,2,1.0,75,0.5319148936170213,True,True,91.0,24
Good,66,273.0,1,111,26,0,0,100,122.0,7,7,28,1,7,0,3,3,74,,7,2,5.0,58,0.15600624024961,False,False,93.0,16
Bad,57,184.0,25,80,11,4,0,63,2.0,5,5,16,0,25,0,1,1,39,,2,1,0.0,60,0.5319148936170213,True,True,69.0,9
Bad,71,124.0,7,53,12,1,1,92,37.0,7,2,14,1,64,0,1,1,43,34.0,2,3,1.0,75,0.15600624024961,True,False,86.0,10
Bad,86,155.0,69,127,9,0,0,100,122.0,7,7,9,0,44,0,0,0,12,,2,2,0.0,100,0.15600624024961,False,False,100.0,9
Good,91,342.0,42,130,14,0,0,100,122.0,7,7,14,0,36,0,0,0,3,,2,2,0.0,50,0.15600624024961,False,False,100.0,7
Good,92,233.0,11,72,6,0,0,100,122.0,7,7,13,1,33,0,0,0,0,,0,1,0.0,25,0.15600624024961,False,False,46.0,3
Good,84,230.0,3,95,24,0,0,100,122.0,7,7,48,3,24,3,2,2,21,,3,1,1.0,36,0.15600624024961,False,False,50.0,17
Bad,66,155.0,15,70,46,0,0,96,57.5,7,6,48,0,69,0,0,0,88,79.0,6,4,3.0,100,0.15600624024961,True,False,96.0,48
Good,84,137.0,3,87,22,0,0,95,57.5,7,6,22,1,41,0,0,0,8,,2,1,0.0,43,0.15600624024961,True,False,100.0,9
Bad,61,60.0,13,41,19,0,0,100,122.0,7,7,21,0,38,0,0,0,89,,5,1,4.0,100,0.15600624024961,False,False,90.0,21
Bad,56,30.0,20,26,3,0,0,75,10.0,6,6,4,0,50,0,0,0,97,77.0,2,1,1.0,100,0.5319148936170213,True,True,75.0,4
Good,88,162.0,10,98,10,0,0,100,122.0,7,7,15,1,20,9,0,0,0,,4,1,1.0,100,0.15600624024961,False,False,67.0,15
Good,78,185.0,10,77,35,0,0,97,59.0,7,6,37,1,29,13,0,0,49,41.0,3,2,0.0,83,0.15600624024961,True,False,95.0,30
Good,70,188.0,1,59,45,0,0,100,122.0,7,7,50,6,24,0,6,6,29,45.0,5,3,1.0,43,0.15600624024961,False,False,90.0,21
Bad,76,168.0,12,63,21,1,1,88,66.0,7,4,24,0,54,19,0,0,48,67.0,3,6,0.0,69,0.15600624024961,True,False,88.0,16
Good,69,187.0,2,98,29,0,0,97,25.0,7,6,30,3,37,2,2,2,33,74.0,7,4,2.0,73,0.15600624024961,True,False,97.0,21
Bad,67,117.0,3,47,13,1,0,86,17.0,7,5,14,3,36,0,2,2,29,,3,1,0.0,67,0.15600624024961,True,False,93.0,9
Good,77,191.0,8,97,11,0,0,86,45.0,7,6,14,1,50,36,0,0,43,,2,1,0.0,100,0.15600624024961,True,False,79.0,14
Bad,56,324.0,2,100,39,0,0,95,15.0,7,6,42,2,14,0,4,4,94,,20,1,18.0,85,0.15600624024961,True,False,93.0,35
Bad,56,95.0,2,24,15,0,0,100,122.0,7,7,19,4,44,4,1,1,73,87.0,5,6,2.0,85,0.15600624024961,False,False,79.0,16
Good,79,252.0,10,99,26,1,1,89,38.0,7,3,28,1,43,10,0,0,2,15.0,3,2,0.0,56,0.15600624024961,True,False,93.0,15
Bad,64,144.0,2,63,18,2,2,85,72.0,7,3,21,3,50,0,6,6,60,80.0,2,5,1.0,78,0.15600624024961,True,False,86.0,16
Bad,61,264.0,11,110,12,4,3,69,4.0,4,4,16,2,38,0,2,2,2,,1,1,0.0,33,0.5319148936170213,True,True,75.0,5
Good,67,152.0,3,37,23,1,1,96,64.0,7,2,24,3,25,36,1,1,40,49.0,11,3,1.0,78,0.15600624024961,True,False,96.0,18
Bad,51,129.0,14,72,8,5,3,54,3.0,3,3,13,0,38,36,1,1,95,80.0,3,2,2.0,100,0.5319148936170213,True,True,62.0,13
Bad,86,296.0,7,112,20,0,0,100,122.0,7,7,22,1,41,0,0,0,17,96.0,2,1,0.0,33,0.15600624024961,False,False,91.0,7
Good,79,242.0,21,99,33,0,0,100,122.0,7,7,35,0,34,14,0,0,33,,8,2,2.0,53,0.15600624024961,False,False,94.0,18
Good,65,287.0,16,82,31,4,2,85,45.0,7,5,34,0,62,3,1,1,84,72.0,2,5,2.0,89,0.15600624024961,True,False,91.0,30
Bad,66,51.0,13,25,6,0,0,100,122.0,7,7,6,0,33,1,1,1,97,,4,1,2.0,100,0.15600624024961,False,False,100.0,6
Bad,67,66.0,5,24,9,0,0,100,122.0,7,7,9,4,44,0,4,4,53,66.0,4,2,1.0,86,0.15600624024961,False,False,100.0,7
Bad,61,288.0,4,100,36,0,0,97,11.0,6,6,37,5,51,0,3,3,65,76.0,6,11,2.0,95,0.5319148936170213,True,True,97.0,35
Good,69,241.0,4,82,48,0,0,100,122.0,7,7,48,2,10,0,2,2,34,45.0,8,2,4.0,48,0.15600624024961,False,False,100.0,23
Good,83,158.0,27,93,15,0,0,100,122.0,7,7,15,0,33,0,0,0,1,,1,1,0.0,50,0.15600624024961,False,False,100.0,7
Good,85,192.0,7,111,22,0,0,100,122.0,7,7,22,2,23,0,1,1,14,,3,1,0.0,67,0.15600624024961,False,False,100.0,14
Bad,61,125.0,12,48,30,0,0,97,38.0,7,6,30,0,43,0,3,3,47,68.0,5,4,2.0,69,0.15600624024961,True,False,100.0,20
Bad,54,191.0,5,89,11,6,4,73,22.0,2,2,14,3,40,4,1,1,15,73.0,2,1,0.0,75,0.5319148936170213,True,True,79.0,10
Bad,86,74.0,46,60,2,0,0,100,122.0,7,7,2,0,50,0,0,0,27,,0,2,0.5,0,0.15600624024961,False,False,100.0,0
Bad,75,169.0,6,86,20,0,0,95,57.5,7,6,41,2,57,6,0,0,57,71.0,3,2,2.0,83,0.15600624024961,True,False,49.0,34
Bad,78,126.0,12,60,11,0,0,100,122.0,7,7,15,0,33,36,0,0,53,86.0,2,2,2.0,80,0.15600624024961,False,False,73.0,12
Good,78,149.0,5,61,43,0,0,100,122.0,7,7,44,1,47,1,2,2,9,91.0,3,9,0.0,80,0.15600624024961,False,False,98.0,35
Good,76,160.0,5,55,15,0,0,100,122.0,7,7,28,2,47,4,1,1,60,96.0,2,3,1.0,100,0.15600624024961,False,False,54.0,28
Bad,77,263.0,1,92,28,0,0,97,57.5,7,6,30,3,20,1,2,2,21,,5,1,1.0,60,0.15600624024961,True,False,93.0,18
Bad,59,176.0,19,65,16,1,1,71,20.0,7,2,17,0,82,36,1,0,90,72.0,1,3,1.0,100,0.15600624024961,True,False,94.0,17
Bad,68,42.0,1,20,13,0,0,100,122.0,7,7,16,6,31,0,8,8,39,89.0,2,4,0.0,54,0.15600624024961,False,False,81.0,8
Bad,72,137.0,3,78,14,1,1,63,14.0,7,3,16,2,25,0,3,3,1,,1,1,0.0,38,0.15600624024961,True,False,88.0,6
Good,90,230.0,9,84,26,0,0,100,122.0,7,7,28,2,57,9,0,0,1,85.0,1,3,0.0,44,0.15600624024961,False,False,93.0,12
Good,83,198.0,3,53,38,0,0,100,122.0,7,7,39,6,8,36,4,2,4,,2,1,0.0,18,0.15600624024961,False,False,97.0,7
Good,81,165.0,14,95,34,0,0,100,122.0,7,7,34,0,32,2,1,1,5,62.0,6,3,0.0,60,0.15600624024961,False,False,100.0,20
Bad,62,181.0,9,70,9,1,0,60,6.0,6,5,10,1,60,36,1,1,64,11.0,2,2,1.0,100,0.5319148936170213,True,True,90.0,10
Bad,65,180.0,2,81,7,2,0,73,15.0,7,5,11,2,18,0,0,0,81,,2,1,1.0,100,0.15600624024961,True,False,64.0,11
Good,64,130.0,1,33,13,0,0,100,122.0,7,7,14,6,0,4,1,1,64,,7,2,3.0,78,0.15600624024961,False,False,93.0,10
Good,74,99.0,2,47,15,0,0,81,17.0,7,6,16,2,50,36,0,0,0,75.0,0,2,0.0,33,0.15600624024961,True,False,94.0,5
Bad,59,180.0,4,60,49,0,0,98,20.0,7,6,49,6,37,2,3,3,45,70.0,10,4,2.0,82,0.15600624024961,True,False,100.0,40
Bad,65,116.0,3,39,22,0,0,95,15.0,7,6,22,3,32,0,1,1,50,47.0,5,4,1.0,69,0.15600624024961,True,False,100.0,15
Good,68,98.0,0,48,28,1,1,94,27.0,7,4,32,6,19,1,6,6,53,95.0,5,2,1.0,50,0.15600624024961,True,False,88.0,16
Bad,65,153.0,4,81,17,0,0,89,29.0,7,6,19,3,53,1,1,1,60,,4,2,0.0,86,0.15600624024961,True,False,89.0,16
Bad,63,88.0,8,41,25,0,0,92,20.0,7,6,26,1,35,0,2,2,25,72.0,3,3,2.0,38,0.15600624024961,True,False,96.0,9
Bad,77,98.0,1,46,22,0,0,100,122.0,7,7,33,5,30,36,4,4,2,92.0,3,3,0.0,46,0.15600624024961,False,False,67.0,15
Good,75,264.0,7,89,54,0,0,98,24.0,7,6,55,1,36,0,1,1,33,55.0,5,4,1.0,67,0.15600624024961,True,False,98.0,36
Bad,71,71.0,2,39,28,0,0,97,11.0,6,6,32,2,13,0,0,0,1,79.0,3,2,1.0,26,0.5319148936170213,True,True,88.0,8
Good,76,333.0,8,145,15,1,1,94,70.0,7,4,16,2,19,36,4,4,32,,2,2,0.0,50,0.15600624024961,True,False,94.0,8
Good,87,182.0,8,73,45,0,0,98,57.5,7,6,45,4,20,15,0,0,4,46.0,2,2,0.0,20,0.15600624024961,True,False,100.0,9
Good,76,179.0,4,94,19,0,0,95,61.0,7,6,22,1,64,11,0,0,93,80.0,1,2,0.5,100,0.15600624024961,True,False,86.0,22
Bad,91,447.0,24,110,27,0,0,100,122.0,7,7,27,0,15,22,0,0,2,,3,1,0.0,33,0.15600624024961,False,False,100.0,8
Good,76,157.0,15,93,10,2,1,91,40.0,7,5,11,0,18,0,0,0,0,,0,2,0.0,0,0.15600624024961,True,False,91.0,0
Good,78,292.0,11,79,16,0,0,100,122.0,7,7,16,1,44,0,2,2,33,85.0,2,3,1.0,71,0.15600624024961,False,False,100.0,11
Good,66,267.0,1,53,20,0,0,92,76.0,7,6,24,3,21,0,0,0,50,52.0,5,3,4.0,57,0.15600624024961,True,False,83.0,13
Bad,66,176.0,7,83,17,0,0,94,8.0,6,6,17,1,35,36,0,0,64,,2,1,2.0,57,0.5319148936170213,True,True,100.0,9
Bad,73,271.0,56,148,8,1,1,88,47.0,7,6,8,0,38,0,0,0,0,,1,2,0.0,75,0.15600624024961,True,False,100.0,6
Bad,77,330.0,8,72,16,0,0,100,122.0,7,7,16,3,56,0,0,0,0,,0,3,0.0,43,0.15600624024961,False,False,100.0,6
Bad,55,80.0,20,43,3,2,2,50,38.0,7,2,5,0,100,0,0,0,27,68.0,3,2,0.5,100,0.15600624024961,True,False,60.0,5
Good,91,230.0,12,135,18,0,0,100,122.0,7,7,32,0,16,12,0,0,10,,1,2,0.0,25,0.15600624024961,False,False,56.0,8
Bad,71,208.0,3,62,28,1,1,97,40.0,7,2,29,6,34,0,1,1,27,97.0,4,3,0.0,50,0.15600624024961,True,False,97.0,14
Bad,67,199.0,2,66,26,1,1,80,11.0,6,4,40,4,13,1,4,4,20,,3,2,0.0,30,0.5319148936170213,True,True,65.0,12
Bad,65,149.0,10,69,22,0,0,96,11.0,6,6,23,1,48,0,0,0,73,91.0,5,2,3.0,78,0.5319148936170213,True,True,96.0,17
Good,82,176.0,18,107,40,0,0,100,122.0,7,7,40,0,35,0,0,0,0,75.0,2,2,1.0,21,0.15600624024961,False,False,100.0,8
Good,69,272.0,7,90,11,1,1,92,9.0,2,2,12,2,42,0,0,0,35,95.0,3,1,1.0,71,0.5319148936170213,True,True,92.0,8
Good,75,175.0,2,61,35,0,0,100,122.0,7,7,38,7,34,2,2,2,16,83.0,3,2,2.0,33,0.15600624024961,False,False,92.0,12
Good,61,158.0,20,71,21,0,0,95,47.0,7,6,21,0,29,0,1,1,95,,7,2,4.0,100,0.15600624024961,True,False,100.0,21
Good,78,221.0,4,108,13,0,0,100,122.0,7,7,15,1,40,3,4,4,90,,2,2,2.0,80,0.15600624024961,False,False,87.0,12
Good,88,211.0,7,85,38,0,0,97,51.0,7,6,38,1,8,36,1,1,0,,1,2,0.0,4,0.15600624024961,True,False,100.0,1
Good,77,368.0,29,130,16,1,1,71,29.0,7,3,17,0,18,0,0,0,12,31.0,4,1,0.0,50,0.15600624024961,True,False,94.0,8
Good,81,335.0,10,81,31,0,0,94,11.0,6,6,33,1,50,0,1,0,19,34.0,2,5,0.0,64,0.5319148936170213,True,True,94.0,21
Bad,72,177.0,0,48,31,0,0,100,122.0,7,7,34,7,47,0,12,12,45,93.0,6,6,2.0,60,0.15600624024961,False,False,91.0,20
Good,76,149.0,15,62,13,0,0,100,122.0,7,7,13,0,38,0,0,0,0,55.0,0,3,0.0,75,0.15600624024961,False,False,100.0,9
Good,63,152.0,2,58,30,0,0,91,71.0,7,6,32,5,44,0,4,4,67,57.0,5,5,2.0,91,0.15600624024961,True,False,94.0,29
Good,80,320.0,1,81,27,0,0,100,122.0,7,7,31,3,45,6,0,0,40,69.0,4,3,0.0,88,0.15600624024961,False,False,87.0,27
Bad,65,155.0,8,37,20,1,1,95,8.0,6,6,21,1,38,0,2,2,49,87.0,5,5,1.0,67,0.5319148936170213,True,True,95.0,14
Bad,66,398.0,4,77,48,0,0,94,1.0,6,6,49,5,16,0,2,2,14,56.0,11,2,1.0,52,0.5319148936170213,True,True,98.0,25
Bad,75,160.0,4,57,30,0,0,100,122.0,7,7,31,5,55,0,2,2,7,85.0,3,9,0.0,86,0.15600624024961,False,False,97.0,26
Bad,70,242.0,23,57,7,1,0,50,15.0,7,5,20,0,75,0,1,1,27,57.0,3,3,0.5,100,0.15600624024961,True,False,35.0,20
Good,61,106.0,17,60,6,0,0,86,1.0,6,6,7,0,43,5,0,0,84,,2,2,2.0,67,0.5319148936170213,True,True,86.0,4
Good,92,406.0,8,149,12,0,0,100,122.0,7,7,13,1,38,0,2,2,5,92.0,1,1,0.0,50,0.15600624024961,False,False,92.0,6
Bad,67,314.0,0,108,10,1,0,92,8.0,5,5,12,2,17,0,1,1,60,,5,1,2.0,75,0.5319148936170213,True,True,83.0,9
Good,74,183.0,10,44,12,0,0,100,122.0,7,7,12,1,33,6,1,0,39,,2,1,1.0,75,0.15600624024961,False,False,100.0,9
Bad,70,373.0,4,101,23,0,0,96,7.0,6,6,25,4,52,0,5,5,49,100.0,2,1,0.0,75,0.5319148936170213,True,True,92.0,18
Bad,58,122.0,5,52,12,2,1,85,14.0,2,5,13,2,46,36,1,1,72,73.0,5,4,2.0,100,0.5319148936170213,True,True,92.0,13
Bad,65,134.0,5,79,16,5,2,61,9.0,6,2,23,2,30,36,0,0,18,96.0,2,2,0.0,57,0.5319148936170213,True,True,70.0,13
Bad,66,183.0,2,66,17,3,3,89,44.0,2,4,26,3,58,36,2,2,42,,3,1,1.0,80,0.5319148936170213,True,True,65.0,20
Good,77,165.0,12,75,20,0,0,95,57.5,7,6,20,0,20,0,0,0,41,44.0,4,2,1.0,43,0.15600624024961,True,False,100.0,8
Good,86,181.0,8,82,29,0,0,97,81.0,7,6,31,1,42,8,0,0,3,,1,1,0.0,14,0.15600624024961,True,False,94.0,4
Bad,61,118.0,19,63,26,1,0,78,14.0,7,5,27,0,41,0,3,3,65,67.0,3,4,1.0,88,0.15600624024961,True,False,96.0,23
Good,65,169.0,32,78,17,4,3,70,23.0,7,3,20,0,30,1,7,7,5,27.0,2,4,1.0,60,0.15600624024961,True,False,85.0,12
Good,73,335.0,2,97,13,2,1,76,7.0,6,4,17,2,35,36,2,2,0,70.0,1,5,0.0,43,0.5319148936170213,True,True,76.0,7
Good,86,160.0,7,129,14,0,0,100,122.0,7,7,14,1,64,6,0,0,2,91.0,2,1,0.0,100,0.15600624024961,False,False,100.0,14
Bad,74,61.0,2,22,7,0,0,100,122.0,7,7,8,4,50,0,1,1,38,96.0,2,1,0.0,100,0.15600624024961,False,False,88.0,8
Good,69,335.0,6,90,35,0,0,97,3.0,6,6,36,1,43,0,4,4,10,32.0,5,7,0.0,60,0.5319148936170213,True,True,97.0,21
Good,71,196.0,8,76,10,2,1,91,54.0,7,5,11,1,36,3,2,2,57,,3,3,0.0,86,0.15600624024961,True,False,91.0,9
Good,89,384.0,4,111,31,0,0,100,122.0,7,7,33,2,30,3,3,3,12,,1,1,0.0,33,0.15600624024961,False,False,94.0,10
Bad,71,227.0,2,56,60,0,0,92,1.0,6,6,62,7,77,36,2,2,0,92.0,0,5,0.0,71,0.5319148936170213,True,True,97.0,44
Bad,68,150.0,3,67,20,0,0,90,6.0,6,6,20,4,60,0,3,3,69,71.0,3,3,1.0,75,0.5319148936170213,True,True,100.0,15
Good,63,193.0,3,66,24,0,0,83,7.0,6,6,24,2,8,36,0,0,70,100.0,5,1,2.0,78,0.5319148936170213,True,True,100.0,18
Good,77,215.0,3,80,17,0,0,89,22.0,7,6,18,2,11,0,4,4,2,,3,1,0.0,33,0.15600624024961,True,False,94.0,5
Good,77,210.0,6,85,36,0,0,100,122.0,7,7,39,1,19,36,1,1,30,53.0,3,2,1.0,31,0.15600624024961,False,False,92.0,12
Bad,70,156.0,3,76,16,0,0,100,122.0,7,7,16,3,69,0,0,0,96,46.0,1,3,0.5,67,0.15600624024961,False,False,100.0,10
Good,77,225.0,9,88,44,0,0,98,23.0,7,6,58,3,21,10,0,0,22,,10,1,0.0,65,0.15600624024961,True,False,76.0,37
Bad,65,56.0,1,35,37,0,0,100,122.0,7,7,39,3,13,0,0,0,65,93.0,15,2,8.0,62,0.15600624024961,False,False,95.0,24
Bad,72,169.0,3,76,39,0,0,98,20.0,7,6,41,5,39,0,3,2,26,92.0,4,4,1.0,53,0.15600624024961,True,False,95.0,21
Good,68,224.0,23,131,9,0,0,89,37.0,7,6,11,0,11,12,0,0,87,,5,1,3.0,75,0.15600624024961,True,False,82.0,8
Good,79,76.0,2,36,18,1,1,95,48.0,7,3,21,4,50,36,3,3,1,96.0,2,3,0.0,50,0.15600624024961,True,False,86.0,10
Bad,68,126.0,3,63,29,0,0,97,36.0,7,6,29,3,17,3,2,2,79,,4,1,3.0,83,0.15600624024961,True,False,100.0,24
Bad,57,331.0,3,115,8,7,4,50,1.0,3,2,16,1,19,0,1,1,24,100.0,2,2,0.0,44,0.5319148936170213,True,True,50.0,7
Good,82,209.0,40,107,23,0,0,100,122.0,7,7,24,0,21,0,8,8,19,,2,1,0.5,50,0.15600624024961,False,False,96.0,12
Good,80,265.0,2,92,40,0,0,95,33.0,7,6,42,2,38,0,1,1,7,100.0,4,6,1.0,71,0.15600624024961,True,False,95.0,29
Good,71,59.0,2,21,6,0,0,100,122.0,7,7,8,4,50,1,2,2,44,95.0,2,2,0.0,67,0.15600624024961,False,False,75.0,5
Bad,73,115.0,3,55,40,0,0,100,122.0,7,7,40,6,58,7,0,0,58,79.0,4,4,1.0,82,0.15600624024961,False,False,100.0,32
Bad,77,56.0,1,20,10,0,0,100,122.0,7,7,11,4,36,8,0,0,5,77.0,3,3,0.0,67,0.15600624024961,False,False,91.0,7
Bad,65,167.0,1,37,11,1,1,93,17.0,7,3,14,7,21,0,3,3,23,91.0,8,2,0.0,85,0.15600624024961,True,False,79.0,11
Good,83,305.0,9,108,18,0,0,100,122.0,7,7,19,3,17,9,0,0,24,,4,2,0.0,80,0.15600624024961,False,False,95.0,15
Bad,63,62.0,6,31,8,0,0,100,122.0,7,7,8,2,25,0,3,3,91,139.0,5,1,1.0,86,0.15600624024961,False,False,100.0,6
Bad,79,134.0,8,58,30,0,0,100,122.0,7,7,30,2,13,0,1,1,11,63.0,8,2,1.0,53,0.15600624024961,False,False,100.0,15
Good,85,241.0,7,120,36,0,0,100,122.0,7,7,36,1,39,2,1,1,1,20.0,3,4,0.0,50,0.15600624024961,False,False,100.0,18
Bad,88,138.0,2,71,21,0,0,100,122.0,7,7,24,3,33,36,0,0,4,,2,1,0.0,75,0.15600624024961,False,False,88.0,18
Bad,62,183.5,9,42,10,2,1,83,5.0,5,5,12,2,33,1,1,1,14,90.0,4,1,1.0,63,0.5319148936170213,True,True,83.0,7
Good,88,232.0,15,110,28,0,0,100,122.0,7,7,28,0,32,0,0,0,5,72.0,3,2,0.0,63,0.15600624024961,False,False,100.0,17
Good,89,190.0,5,55,14,0,0,100,122.0,7,7,15,1,47,5,1,1,0,,0,3,0.0,30,0.15600624024961,False,False,93.0,4
Bad,63,257.0,6,90,28,0,0,93,2.0,6,6,29,4,14,0,5,5,60,87.0,3,3,1.0,60,0.5319148936170213,True,True,97.0,17
Good,64,111.0,5,50,14,2,2,81,39.0,7,2,16,1,31,1,7,7,43,69.0,4,2,0.0,100,0.15600624024961,True,False,88.0,16
Good,82,224.0,5,70,37,0,0,97,48.0,7,6,38,1,50,17,0,0,23,83.0,1,5,0.0,50,0.15600624024961,True,False,97.0,19
Good,90,279.0,5,123,23,0,0,100,122.0,7,7,26,1,42,0,1,0,5,101.0,2,2,0.0,67,0.15600624024961,False,False,88.0,17
Bad,59,279.0,4,70,7,0,0,63,7.0,6,6,8,2,25,1,1,1,72,40.0,4,2,1.0,86,0.5319148936170213,True,True,88.0,6
Bad,60,191.0,34,93,5,5,2,46,6.0,5,2,40,0,46,0,4,4,30,,1,1,0.0,67,0.5319148936170213,True,True,12.0,26
Good,80,229.0,0,87,12,0,0,100,122.0,7,7,13,2,15,0,0,0,53,,2,1,2.0,38,0.15600624024961,False,False,92.0,4
Good,67,267.0,15,70,36,0,0,100,122.0,7,7,36,0,36,0,5,5,50,,6,1,3.0,44,0.15600624024961,False,False,100.0,15
Bad,57,60.0,35,46,4,5,5,75,42.0,7,6,9,0,50,0,1,1,9,93.0,2,1,0.0,100,0.15600624024961,True,False,44.0,9
Bad,69,101.0,2,54,23,1,1,88,20.0,7,2,26,6,50,0,3,2,27,57.0,1,7,0.0,57,0.15600624024961,True,False,88.0,14
Good,90,376.0,4,130,17,0,0,100,122.0,7,7,27,2,53,4,1,1,1,89.0,2,2,0.0,57,0.15600624024961,False,False,63.0,15
Good,78,164.0,10,82,15,0,0,100,122.0,7,7,16,1,38,0,0,0,56,69.0,3,2,0.0,83,0.15600624024961,False,False,94.0,13
Bad,84,239.0,6,63,25,0,0,100,122.0,7,7,27,4,37,0,5,5,7,,2,2,0.0,20,0.15600624024961,False,False,93.0,5
Bad,73,131.0,4,63,19,1,0,85,20.0,7,5,26,2,62,36,1,1,25,17.0,1,4,0.5,100,0.15600624024961,True,False,73.0,26
Bad,70,155.0,4,53,17,1,1,83,23.0,7,4,36,1,44,36,3,3,43,78.0,4,4,1.0,80,0.15600624024961,True,False,47.0,28
Good,86,442.0,2,106,20,0,0,100,122.0,7,7,21,1,33,0,0,0,5,47.0,2,1,1.0,43,0.15600624024961,False,False,95.0,9
Bad,75,60.0,20,32,13,0,0,100,122.0,7,7,13,0,31,0,4,3,40,75.0,1,2,1.0,50,0.15600624024961,False,False,100.0,6
Bad,86,269.0,16,97,22,0,0,100,122.0,7,7,22,0,32,0,4,4,0,,2,2,1.0,33,0.15600624024961,False,False,100.0,7
Good,74,225.0,5,95,32,0,0,94,19.0,7,6,32,2,56,36,1,1,41,90.0,6,5,0.0,92,0.15600624024961,True,False,100.0,29
Good,73,354.0,13,80,25,0,0,100,122.0,7,7,25,0,8,15,0,0,36,,10,1,2.0,61,0.15600624024961,False,False,100.0,15
Bad,80,115.0,2,36,6,0,0,100,122.0,7,7,13,4,14,0,5,5,4,95.0,3,1,0.0,67,0.15600624024961,False,False,46.0,8
Bad,59,159.0,11,74,2,1,1,33,11.0,3,3,3,1,100,0,0,0,27,,3,1,0.5,100,0.5319148936170213,True,True,67.0,3
Good,83,187.0,13,99,12,0,0,92,6.0,6,6,22,0,17,22,0,0,23,,1,1,0.0,50,0.5319148936170213,True,True,55.0,11
Bad,85,122.0,5,105,18,0,0,100,122.0,7,7,28,2,44,36,4,4,11,,2,1,0.0,75,0.15600624024961,False,False,64.0,21
Good,83,269.0,14,122,17,0,0,100,122.0,7,7,17,0,47,0,0,0,24,,4,1,0.0,100,0.15600624024961,False,False,100.0,17
Bad,71,228.0,5,85,35,0,0,100,122.0,7,7,40,3,40,36,4,4,62,23.0,4,2,1.0,54,0.15600624024961,False,False,88.0,21
Bad,65,176.0,3,101,34,0,0,92,14.0,7,6,36,1,28,0,3,3,87,0.0,9,3,6.0,92,0.15600624024961,True,False,94.0,33
Bad,76,190.0,6,65,23,0,0,96,29.0,7,6,24,3,33,0,1,1,70,92.0,3,2,2.0,71,0.15600624024961,True,False,96.0,17
Bad,49,103.0,4,48,10,12,9,53,7.0,2,2,17,1,35,36,2,2,37,66.0,5,2,0.0,80,0.5319148936170213,True,True,59.0,13
Good,75,311.0,8,117,40,0,0,100,122.0,7,7,45,2,42,0,5,5,34,,4,2,2.0,45,0.15600624024961,False,False,89.0,20
Good,70,184.0,5,82,20,4,4,79,44.0,7,2,24,2,46,4,3,3,35,,2,2,0.5,83,0.15600624024961,True,False,83.0,19
Bad,77,169.0,29,94,13,1,1,93,32.0,7,2,15,0,33,0,0,0,0,,1,1,0.0,50,0.15600624024961,True,False,87.0,7
Bad,65,203.0,8,93,16,2,2,94,21.0,7,6,22,2,69,36,1,1,98,93.0,3,9,2.0,100,0.15600624024961,True,False,73.0,22
Bad,65,106.0,5,42,11,1,0,92,22.0,7,5,13,3,31,0,2,2,60,,4,1,1.0,83,0.15600624024961,True,False,85.0,10
Bad,69,232.0,1,59,16,0,0,95,22.0,7,6,57,6,47,0,5,5,54,74.0,2,5,0.5,78,0.15600624024961,True,False,28.0,44
Bad,69,202.0,3,51,32,0,0,97,11.0,6,6,32,6,72,0,0,0,36,75.0,4,5,0.0,100,0.5319148936170213,True,True,100.0,32
Bad,58,470.0,7,146,5,1,1,83,1.0,2,2,6,1,0,0,0,0,36,,3,2,0.5,75,0.5319148936170213,True,True,83.0,4
Good,85,251.0,5,80,45,0,0,98,43.0,7,6,48,3,17,0,1,1,3,,2,1,0.0,20,0.15600624024961,True,False,94.0,9
Bad,63,27.0,8,14,6,0,0,86,12.0,7,6,7,2,43,0,0,0,66,21.0,2,2,1.0,80,0.15600624024961,True,False,86.0,5
Good,75,173.0,1,103,24,0,0,96,42.0,7,6,25,1,44,0,0,0,28,20.0,4,6,1.0,71,0.15600624024961,True,False,96.0,17
Bad,79,190.0,3,53,27,0,0,100,122.0,7,7,28,2,4,36,0,0,55,,2,2,1.0,50,0.15600624024961,False,False,96.0,14
Good,65,221.0,11,77,42,0,0,95,34.0,7,6,42,2,60,0,0,0,71,68.0,6,9,3.0,94,0.15600624024961,True,False,100.0,39
Good,66,144.0,1,66,39,1,0,88,6.0,6,5,41,3,2,0,2,2,29,,6,1,1.0,33,0.5319148936170213,True,True,95.0,13
Good,84,169.0,34,95,17,0,0,100,122.0,7,7,17,0,35,0,1,1,31,,2,1,0.0,50,0.15600624024961,False,False,100.0,8
Bad,80,290.0,5,82,14,0,0,87,17.0,7,6,15,2,60,0,0,0,16,44.0,3,4,0.0,78,0.15600624024961,True,False,93.0,11
Bad,74,123.0,2,59,3,1,0,57,7.0,6,5,7,1,57,0,6,5,5,99.0,1,1,0.0,67,0.5319148936170213,True,True,43.0,4
Good,67,103.0,1,39,23,1,0,96,1.0,5,5,26,5,32,4,2,2,7,64.0,3,3,0.0,43,0.5319148936170213,True,True,88.0,11
Good,91,242.0,38,116,20,0,0,100,122.0,7,7,20,0,30,0,0,0,4,,3,2,0.0,50,0.15600624024961,False,False,100.0,10
Good,85,164.0,4,90,34,0,0,100,122.0,7,7,37,2,76,3,1,1,2,,2,1,0.0,100,0.15600624024961,False,False,92.0,37
Good,85,320.0,17,104,18,0,0,94,46.0,7,6,46,0,17,0,0,0,3,75.0,1,2,0.0,27,0.15600624024961,True,False,39.0,12
Bad,62,134.0,2,9,7,0,0,100,122.0,7,7,15,6,13,36,2,2,44,,3,1,0.0,57,0.15600624024961,False,False,47.0,8
Good,72,157.0,1,66,48,0,0,96,22.0,7,6,53,6,17,0,1,1,16,87.0,5,4,2.0,39,0.15600624024961,True,False,91.0,20
Good,75,139.0,3,54,14,0,0,94,46.0,7,6,16,2,19,0,1,1,43,33.0,1,2,1.0,43,0.15600624024961,True,False,88.0,6
Bad,71,285.0,3,84,25,1,0,93,26.0,7,5,27,1,33,0,7,7,30,38.0,2,4,1.0,78,0.15600624024961,True,False,93.0,21
Bad,68,164.0,3,59,40,1,1,93,17.0,7,4,43,5,47,0,1,1,24,78.0,7,12,1.0,76,0.15600624024961,True,False,93.0,32
Good,74,178.0,3,54,24,0,0,100,122.0,7,7,25,6,28,2,1,1,21,,3,1,1.0,44,0.15600624024961,False,False,96.0,11
Good,55,139.0,11,61,22,1,0,71,13.0,7,5,24,1,33,0,2,2,28,26.0,5,3,4.0,67,0.15600624024961,True,False,92.0,16
Bad,60,410.0,7,124,29,0,0,97,20.0,7,6,32,1,25,1,2,2,70,56.0,10,4,3.0,83,0.15600624024961,True,False,91.0,26
Good,73,83.0,2,37,24,0,0,100,122.0,7,7,25,2,24,0,2,2,29,58.0,3,2,1.0,45,0.15600624024961,False,False,96.0,11
Good,81,141.0,3,59,34,1,0,97,54.0,7,5,37,3,51,0,1,1,4,94.0,2,2,0.0,44,0.15600624024961,True,False,92.0,16
Good,85,148.0,4,58,42,0,0,100,122.0,7,7,62,4,9,0,3,3,2,100.0,3,2,0.0,24,0.15600624024961,False,False,68.0,14
Good,73,237.0,4,100,39,0,0,95,62.0,7,6,40,2,58,4,1,1,56,89.0,4,2,1.0,60,0.15600624024961,True,False,98.0,24
Good,73,162.0,3,74,20,0,0,100,122.0,7,7,24,2,48,36,3,3,70,79.0,5,2,1.0,100,0.15600624024961,False,False,83.0,24
Bad,66,62.0,1,37,18,0,0,100,122.0,7,7,22,3,5,0,1,1,64,,9,1,3.0,85,0.15600624024961,False,False,82.0,18
Good,77,127.0,6,54,27,0,0,100,122.0,7,7,27,1,41,0,0,0,33,34.0,4,8,1.0,63,0.15600624024961,False,False,100.0,17
Bad,76,114.0,7,51,23,0,0,100,122.0,7,7,23,6,35,0,0,0,1,90.0,1,3,0.0,50,0.15600624024961,False,False,100.0,11
Bad,56,68.0,4,25,22,0,0,91,31.0,7,6,22,8,27,0,2,2,81,91.0,9,3,3.0,71,0.15600624024961,True,False,100.0,15
Bad,58,67.0,2,28,14,0,0,100,122.0,7,7,15,3,7,1,2,2,69,,9,1,2.0,83,0.15600624024961,False,False,93.0,12
Bad,67,170.0,1,83,14,0,0,87,20.0,7,6,15,2,27,0,0,0,86,89.0,4,3,2.0,58,0.15600624024961,True,False,93.0,8
Good,69,191.0,2,70,28,0,0,86,42.0,7,6,29,2,21,13,0,0,41,87.0,10,2,1.0,67,0.15600624024961,True,False,97.0,19
Good,86,404.0,1,101,24,0,0,97,16.0,7,6,29,3,24,18,0,0,3,48.0,4,1,0.0,38,0.15600624024961,True,False,83.0,11
Good,66,209.0,19,89,29,0,0,83,6.0,6,6,30,0,50,3,1,1,43,74.0,8,8,1.0,94,0.5319148936170213,True,True,97.0,28
Good,68,189.0,2,54,19,0,0,100,122.0,7,7,20,3,20,1,5,5,31,33.0,8,2,1.0,77,0.15600624024961,False,False,95.0,15
Bad,70,155.0,7,79,11,2,1,73,36.0,7,3,15,1,67,0,0,0,34,,1,1,0.0,100,0.15600624024961,True,False,73.0,15
Good,89,199.0,10,90,24,0,0,100,122.0,7,7,26,1,62,18,0,0,5,33.0,2,4,1.0,75,0.15600624024961,False,False,92.0,19
Bad,89,151.0,6,58,5,0,0,100,122.0,7,7,6,3,17,1,2,2,14,97.0,1,1,0.0,50,0.15600624024961,False,False,83.0,3
Good,65,121.0,16,68,21,0,0,95,14.0,7,6,21,0,24,36,0,0,87,30.0,5,2,4.0,78,0.15600624024961,True,False,100.0,16
Bad,76,325.0,6,79,20,0,0,95,11.0,6,6,20,1,45,0,3,2,3,64.0,2,4,0.0,80,0.5319148936170213,True,True,100.0,16
Good,85,166.0,11,81,22,0,0,100,122.0,7,7,22,1,36,0,0,0,0,55.0,0,2,0.0,29,0.15600624024961,False,False,100.0,6
Bad,65,208.0,6,65,37,0,0,100,122.0,7,7,37,4,14,0,2,2,47,65.0,13,3,6.0,73,0.15600624024961,False,False,100.0,27
Bad,77,311.0,7,144,27,1,1,96,47.0,7,2,44,2,29,6,0,0,3,77.0,1,2,0.0,17,0.15600624024961,True,False,61.0,7
Good,79,165.0,2,100,31,2,1,95,72.0,7,3,37,3,73,7,0,0,11,,2,1,0.0,60,0.15600624024961,True,False,84.0,22
Bad,77,252.0,4,54,24,0,0,100,122.0,7,7,37,3,42,3,2,2,15,78.0,4,5,1.0,64,0.15600624024961,False,False,65.0,23
Good,90,429.0,5,116,15,0,0,100,122.0,7,7,16,1,20,3,2,2,1,,1,2,0.0,11,0.15600624024961,False,False,94.0,1
Bad,75,255.0,5,102,30,0,0,100,122.0,7,7,32,2,13,0,1,1,39,95.0,7,2,4.0,53,0.15600624024961,False,False,94.0,16
Good,85,216.0,3,72,28,0,0,93,57.5,7,6,28,2,11,0,1,1,3,37.0,7,2,0.0,60,0.15600624024961,True,False,100.0,16
Bad,56,183.5,37,90,11,7,5,55,4.0,2,2,20,0,65,9,0,0,27,12.0,1,1,0.0,100,0.5319148936170213,True,True,55.0,20
Good,80,443.0,7,129,25,2,0,93,46.0,7,5,27,1,41,1,3,3,11,22.0,4,3,0.0,75,0.15600624024961,True,False,93.0,20
Bad,72,140.0,13,44,7,0,0,100,122.0,7,7,7,0,71,36,0,0,82,69.0,2,2,1.0,100,0.15600624024961,False,False,100.0,7
Good,83,151.0,6,82,27,0,0,100,122.0,7,7,27,2,44,0,0,0,17,101.0,2,2,0.0,80,0.15600624024961,False,False,100.0,21
Bad,70,161.0,10,73,13,0,0,85,15.0,7,6,13,1,54,0,3,3,32,93.0,2,3,1.0,71,0.15600624024961,True,False,100.0,9
Bad,65,207.0,4,82,36,0,0,100,122.0,7,7,36,3,25,0,2,2,64,42.0,11,2,6.0,59,0.15600624024961,False,False,100.0,21
Bad,69,60.0,17,31,16,0,0,100,122.0,7,7,16,0,13,0,1,1,76,,8,1,7.0,69,0.15600624024961,False,False,100.0,11
Bad,77,131.0,3,76,23,0,0,100,122.0,7,7,24,3,17,0,3,3,19,,6,2,0.0,44,0.15600624024961,False,False,96.0,10
Good,78,183.5,9,74,41,0,0,100,122.0,7,7,44,2,37,36,0,0,35,80.0,3,4,1.0,88,0.15600624024961,False,False,93.0,38
Bad,69,292.0,6,121,28,3,3,90,64.0,7,2,39,2,48,0,4,4,18,93.0,1,4,0.0,55,0.15600624024961,True,False,72.0,21
Good,71,207.0,14,147,26,0,0,89,8.0,6,6,28,0,36,36,0,0,1,,3,2,0.0,64,0.5319148936170213,True,True,93.0,17
Bad,60,150.0,23,68,3,2,2,67,4.0,2,2,6,0,33,1,4,4,27,,1,2,0.5,100,0.5319148936170213,True,True,50.0,6
Bad,74,167.0,4,63,17,0,0,94,31.0,7,6,17,2,41,0,2,2,38,91.0,4,3,2.0,78,0.15600624024961,True,False,100.0,13
Bad,68,184.0,17,60,24,0,0,80,1.0,6,6,25,0,40,0,0,0,13,28.0,1,3,1.0,50,0.5319148936170213,True,True,96.0,12
Good,85,139.0,11,78,10,0,0,100,122.0,7,7,10,1,20,36,2,1,19,,1,2,1.0,50,0.15600624024961,False,False,100.0,5
Good,84,123.0,1,48,30,0,0,100,122.0,7,7,33,7,18,4,1,1,10,80.0,4,2,0.0,35,0.15600624024961,False,False,91.0,11
Bad,54,253.0,6,94,59,2,0,71,3.0,5,2,66,5,76,0,0,0,45,55.0,3,2,2.0,71,0.5319148936170213,True,True,89.0,46
Bad,75,415.0,20,75,22,1,1,83,9.0,6,4,23,0,22,0,3,3,2,23.0,2,1,0.0,33,0.5319148936170213,True,True,96.0,7
Bad,81,204.0,8,85,40,0,0,100,122.0,7,7,43,1,35,0,3,3,9,85.0,5,2,0.0,54,0.15600624024961,False,False,93.0,23
Good,68,279.0,7,86,9,0,0,89,15.0,7,6,9,2,78,6,0,0,90,99.0,2,4,2.0,100,0.15600624024961,True,False,100.0,9
Bad,57,89.0,2,48,25,1,1,89,2.0,6,2,28,3,32,0,1,1,36,55.0,9,2,1.0,73,0.5319148936170213,True,True,89.0,20
Bad,56,167.0,7,75,31,0,0,88,2.0,6,6,33,1,42,0,1,1,74,62.0,11,2,2.0,93,0.5319148936170213,True,True,94.0,30
Bad,72,294.0,5,75,20,0,0,95,46.0,7,6,21,3,62,7,0,0,57,50.0,6,4,2.0,91,0.15600624024961,True,False,95.0,19
Good,64,162.0,15,42,12,1,1,92,17.0,7,6,12,0,42,0,1,1,73,69.0,3,3,2.0,75,0.15600624024961,True,False,100.0,9
Bad,80,154.0,14,69,39,0,0,98,71.0,7,6,41,0,27,0,1,1,10,59.0,3,3,0.0,55,0.15600624024961,True,False,95.0,22
Bad,75,386.0,6,105,27,0,0,96,70.0,7,6,27,2,48,36,0,0,28,51.0,7,3,2.0,77,0.15600624024961,True,False,100.0,20
Bad,85,253.0,2,82,15,0,0,94,69.0,7,6,18,4,33,36,1,1,6,101.0,1,2,0.0,38,0.15600624024961,True,False,83.0,6
Good,76,157.0,3,78,26,0,0,100,122.0,7,7,27,2,56,2,4,4,26,83.0,5,3,2.0,89,0.15600624024961,False,False,96.0,24
Bad,66,326.0,2,44,15,0,0,88,6.0,6,6,31,4,29,1,2,2,4,,3,2,0.0,42,0.5319148936170213,True,True,48.0,13
Good,86,247.0,6,81,29,0,0,100,122.0,7,7,30,6,47,0,0,0,2,74.0,3,5,0.0,53,0.15600624024961,False,False,97.0,15
Bad,78,266.0,13,95,16,0,0,100,122.0,7,7,16,0,56,0,2,2,51,90.0,4,2,1.0,100,0.15600624024961,False,False,100.0,16
Good,83,267.0,17,106,13,0,0,92,53.0,7,6,13,0,15,36,0,0,48,,4,1,0.0,83,0.15600624024961,True,False,100.0,10
Bad,73,181.0,8,71,25,0,0,100,122.0,7,7,25,4,56,0,0,0,45,76.0,6,6,1.0,86,0.15600624024961,False,False,100.0,21
Bad,65,208.0,3,56,14,2,1,88,57.0,2,5,43,4,13,36,4,4,14,,5,1,3.0,55,0.5319148936170213,True,True,33.0,23
Bad,57,285.0,2,106,17,1,1,68,3.0,6,6,20,1,37,0,2,2,63,62.0,6,3,1.0,82,0.5319148936170213,True,True,85.0,16
Good,78,479.0,12,128,30,0,0,90,13.0,7,6,30,0,30,11,0,0,6,50.0,6,5,1.0,61,0.15600624024961,True,False,100.0,18
Bad,67,62.0,8,32,10,0,0,100,122.0,7,7,10,2,40,0,2,2,89,49.0,5,3,2.0,100,0.15600624024961,False,False,100.0,10
Bad,65,121.0,1,41,20,2,2,88,9.0,2,2,26,3,27,0,5,5,15,52.0,3,4,0.0,47,0.5319148936170213,True,True,77.0,12
Good,82,89.0,14,47,24,0,0,100,122.0,7,7,24,0,29,2,1,1,7,31.0,1,2,0.0,20,0.15600624024961,False,False,100.0,4
Good,87,207.0,1,65,14,0,0,100,122.0,7,7,15,2,33,24,1,1,5,10.0,3,2,0.0,50,0.15600624024961,False,False,93.0,7
Good,59,189.0,3,107,16,1,0,60,8.0,6,5,20,1,25,36,0,0,78,96.0,5,2,2.0,88,0.5319148936170213,True,True,80.0,17
Bad,65,107.0,7,48,40,0,0,100,122.0,7,7,43,4,42,0,2,2,80,86.0,5,2,4.0,70,0.15600624024961,False,False,93.0,30
Good,77,196.0,2,77,31,0,0,100,122.0,7,7,32,5,41,2,2,2,18,92.0,5,2,2.0,70,0.15600624024961,False,False,97.0,22
Bad,65,188.0,6,112,14,0,0,87,2.0,6,6,15,1,53,36,0,0,91,78.0,2,2,1.0,100,0.5319148936170213,True,True,93.0,15
Good,81,165.0,12,95,17,0,0,100,122.0,7,7,18,0,50,0,0,0,21,29.0,2,2,1.0,80,0.15600624024961,False,False,94.0,14
Good,90,226.0,44,120,15,0,0,100,122.0,7,7,15,0,47,0,1,1,5,,1,4,0.0,63,0.15600624024961,False,False,100.0,9
Bad,58,150.0,16,72,18,2,0,55,4.0,6,5,22,0,45,0,1,1,79,38.0,7,3,0.0,91,0.5319148936170213,True,True,82.0,20
Bad,56,179.0,3,69,27,2,2,87,2.0,6,2,31,4,39,0,5,5,38,61.0,4,3,0.0,78,0.5319148936170213,True,True,87.0,24
Bad,62,33.0,2,14,9,0,0,100,122.0,7,7,10,6,20,0,3,3,73,85.0,2,2,1.0,63,0.15600624024961,False,False,90.0,6
Good,75,85.0,2,60,7,1,1,78,27.0,7,4,9,2,44,0,0,0,5,,3,1,0.5,80,0.15600624024961,True,False,78.0,7
Bad,81,190.0,17,84,10,0,0,75,25.0,7,6,35,0,50,36,1,1,4,76.0,2,2,0.0,67,0.15600624024961,True,False,29.0,23
Bad,85,364.0,16,129,14,0,0,93,58.0,7,6,14,0,36,36,2,1,3,,1,1,0.5,67,0.15600624024961,True,False,100.0,9
Good,85,139.0,4,81,28,0,0,100,122.0,7,7,29,1,45,36,2,2,0,,0,2,0.0,40,0.15600624024961,False,False,97.0,11
Bad,67,160.0,11,67,23,0,0,100,122.0,7,7,23,1,43,0,0,0,76,88.0,5,4,3.0,75,0.15600624024961,False,False,100.0,17
Good,75,162.0,12,88,16,1,1,83,7.0,6,3,18,0,33,11,0,0,13,45.0,3,3,0.0,60,0.5319148936170213,True,True,89.0,10
Good,86,189.0,2,76,19,0,0,100,122.0,7,7,24,3,58,36,0,0,5,100.0,4,3,0.0,78,0.15600624024961,False,False,79.0,18
Good,88,164.0,12,90,19,0,0,100,122.0,7,7,19,0,32,0,0,0,2,60.0,1,3,0.0,36,0.15600624024961,False,False,100.0,6
Good,77,226.0,4,77,18,0,0,89,28.0,7,6,18,2,33,0,0,0,30,90.0,2,2,0.0,80,0.15600624024961,True,False,100.0,14
Bad,64,180.0,2,83,33,2,1,78,11.0,6,5,36,2,25,36,0,0,19,56.0,4,3,1.0,64,0.5319148936170213,True,True,92.0,23
Good,84,276.0,18,80,15,0,0,100,122.0,7,7,15,0,33,17,0,0,12,,3,2,0.0,56,0.15600624024961,False,False,100.0,8
Good,85,515.0,6,139,15,0,0,100,122.0,7,7,15,1,47,0,0,0,28,,3,1,0.0,67,0.15600624024961,False,False,100.0,10
Good,75,400.0,3,140,28,0,0,96,57.5,7,6,29,2,18,36,3,3,14,82.0,11,3,0.0,71,0.15600624024961,True,False,97.0,20
Bad,78,175.0,5,93,27,0,0,100,122.0,7,7,28,2,7,0,2,2,19,,6,1,1.0,41,0.15600624024961,False,False,96.0,11
Bad,78,97.0,13,51,14,0,0,93,45.0,7,6,14,0,21,36,0,0,20,65.0,2,3,0.0,71,0.15600624024961,True,False,100.0,9
Good,73,166.0,1,54,21,0,0,100,122.0,7,7,26,5,69,0,1,1,70,90.0,4,12,2.0,94,0.15600624024961,False,False,81.0,24
Good,70,395.0,3,72,45,0,0,100,122.0,7,7,66,1,30,1,3,3,33,100.0,9,2,1.0,85,0.15600624024961,False,False,68.0,56
Bad,68,237.0,1,120,26,0,0,96,21.0,7,6,28,1,43,36,4,4,64,26.0,9,3,2.0,75,0.15600624024961,True,False,93.0,21
Bad,65,201.0,3,97,26,1,1,85,18.0,7,6,26,4,38,1,3,3,60,,3,2,2.0,83,0.15600624024961,True,False,100.0,21
Good,84,144.0,8,64,16,0,0,100,122.0,7,7,16,1,44,36,0,0,16,75.0,3,2,0.0,86,0.15600624024961,False,False,100.0,13
Good,78,298.0,2,127,27,0,0,97,77.0,7,6,29,1,45,0,0,0,62,79.0,5,4,0.0,90,0.15600624024961,True,False,93.0,26
Good,87,210.0,19,110,8,0,0,100,122.0,7,7,10,0,50,18,0,0,19,,2,1,0.0,60,0.15600624024961,False,False,80.0,6
Bad,56,89.0,6,38,26,1,0,93,4.0,5,5,27,2,26,11,0,0,49,60.0,9,4,1.0,94,0.5319148936170213,True,True,96.0,25
Bad,44,59.0,2,26,18,3,2,81,3.0,4,4,23,3,36,0,5,5,77,58.0,5,5,0.0,77,0.5319148936170213,True,True,78.0,17
Bad,65,340.0,2,81,49,0,0,89,5.0,6,6,56,3,25,0,9,8,6,86.0,9,5,1.0,56,0.5319148936170213,True,True,88.0,31
Good,88,199.0,6,78,13,0,0,100,122.0,7,7,14,1,14,36,0,0,14,,2,2,0.0,67,0.15600624024961,False,False,93.0,9
Bad,54,235.0,7,79,25,1,0,79,2.0,5,5,29,2,14,6,0,0,48,62.0,5,3,3.0,67,0.5319148936170213,True,True,86.0,19
Good,88,227.0,5,91,13,0,0,100,122.0,7,7,13,1,15,4,1,1,1,,1,2,0.0,25,0.15600624024961,False,False,100.0,3
Bad,71,146.0,4,52,17,1,1,89,14.0,7,2,46,3,22,36,2,2,33,92.0,4,2,1.0,86,0.15600624024961,True,False,37.0,39
Good,56,329.0,5,20,11,0,0,100,122.0,7,7,18,2,36,36,3,3,73,55.0,6,3,3.0,100,0.15600624024961,False,False,61.0,18
Good,70,193.0,2,57,22,0,0,100,122.0,7,7,23,2,22,18,0,0,53,80.0,6,4,1.0,63,0.15600624024961,False,False,96.0,14
Good,75,230.0,2,95,19,0,0,100,122.0,7,7,21,3,33,0,2,2,47,,6,1,1.0,70,0.15600624024961,False,False,90.0,14
Good,73,192.0,6,74,27,0,0,100,122.0,7,7,27,1,41,0,1,1,24,,6,4,2.0,59,0.15600624024961,False,False,100.0,15
Good,79,117.0,15,59,31,0,0,97,53.0,7,6,31,0,29,0,1,1,0,60.0,0,4,0.0,67,0.15600624024961,True,False,100.0,20
Bad,83,250.0,3,107,22,0,0,96,48.0,7,6,24,1,50,36,1,1,15,64.0,5,3,0.0,80,0.15600624024961,True,False,92.0,19
Bad,37,263.0,4,80,26,1,1,78,0.0,4,4,27,3,22,0,2,2,71,44.0,7,2,2.0,69,0.5319148936170213,True,True,96.0,18
Bad,72,261.0,27,131,16,1,1,94,13.0,7,6,16,0,25,36,0,0,11,,1,1,0.0,29,0.15600624024961,True,False,100.0,4
Good,84,315.0,7,150,20,0,0,95,42.0,7,6,20,1,25,0,0,0,13,89.0,5,2,0.0,64,0.15600624024961,True,False,100.0,12
Good,80,261.0,8,104,22,0,0,100,122.0,7,7,22,1,59,36,1,1,39,76.0,3,2,1.0,71,0.15600624024961,False,False,100.0,15
Bad,73,170.0,0,46,42,0,0,100,122.0,7,7,45,7,33,0,5,4,33,23.0,3,3,1.0,60,0.15600624024961,False,False,93.0,27
Bad,75,31.0,8,15,5,0,0,100,122.0,7,7,5,3,20,36,1,1,12,,3,1,0.0,100,0.15600624024961,False,False,100.0,5
Bad,62,69.0,5,24,8,1,1,89,33.0,7,6,9,3,33,1,2,2,92,,4,2,3.0,67,0.15600624024961,True,False,89.0,6
Bad,83,242.0,1,92,35,0,0,100,122.0,7,7,36,3,11,1,2,2,8,52.0,6,3,0.0,36,0.15600624024961,False,False,97.0,12
Good,85,128.0,2,62,17,0,0,100,122.0,7,7,19,3,61,36,5,5,2,93.0,1,2,0.0,75,0.15600624024961,False,False,89.0,14
Bad,81,158.0,13,71,34,0,0,97,42.0,7,6,37,0,42,1,1,1,9,86.0,3,5,0.0,47,0.15600624024961,True,False,92.0,17
Good,89,131.0,29,60,6,0,0,100,122.0,7,7,6,0,17,0,0,0,5,,1,1,0.0,40,0.15600624024961,False,False,100.0,2
Bad,68,144.0,4,58,24,0,0,100,122.0,7,7,24,3,38,0,0,0,81,82.0,8,4,2.0,100,0.15600624024961,False,False,100.0,24
Good,59,82.0,2,25,30,1,0,97,46.0,7,5,32,9,31,1,1,1,50,71.0,13,6,2.0,83,0.15600624024961,True,False,94.0,26
Bad,75,97.0,29,68,17,0,0,100,122.0,7,7,17,0,47,0,1,1,27,59.0,3,3,0.5,100,0.15600624024961,False,False,100.0,17
Good,89,421.0,7,136,19,0,0,100,122.0,7,7,28,1,16,0,0,0,4,,3,2,0.0,30,0.15600624024961,False,False,68.0,8
Bad,58,58.0,3,22,16,0,0,100,122.0,7,7,16,5,19,0,4,4,66,95.0,10,2,2.0,86,0.15600624024961,False,False,100.0,13
Bad,55,208.0,6,75,49,1,1,94,1.0,6,6,50,1,20,0,0,0,5,,4,3,1.0,41,0.5319148936170213,True,True,98.0,20
Good,81,119.0,6,54,15,0,0,100,122.0,7,7,16,1,20,36,0,0,26,,4,1,0.0,56,0.15600624024961,False,False,94.0,8
Bad,74,47.0,13,28,6,0,0,100,122.0,7,7,7,0,43,0,0,0,27,47.0,1,2,0.5,100,0.15600624024961,False,False,86.0,7
Bad,83,195.0,4,94,18,0,0,100,122.0,7,7,18,2,28,4,1,1,25,56.0,2,2,0.0,44,0.15600624024961,False,False,100.0,7
Bad,55,343.0,6,101,44,1,1,96,2.0,3,3,47,2,28,0,1,1,86,54.0,13,7,9.0,84,0.5319148936170213,True,True,94.0,39
Good,78,253.0,0,110,37,0,0,100,122.0,7,7,39,3,18,1,1,1,21,52.0,13,2,0.0,59,0.15600624024961,False,False,95.0,23
Bad,55,127.0,9,60,28,2,0,80,7.0,5,5,30,2,47,0,0,0,69,142.0,7,9,1.0,89,0.5319148936170213,True,True,93.0,26
Good,91,232.0,80,141,14,0,0,100,122.0,7,7,22,0,0,9,0,0,2,,2,2,0.0,33,0.15600624024961,False,False,64.0,7
Bad,61,187.0,8,46,26,4,0,88,38.0,7,5,33,1,36,0,5,5,60,77.0,7,2,3.0,75,0.15600624024961,True,False,79.0,24
Good,86,350.0,19,121,15,0,0,100,122.0,7,7,16,0,44,0,1,1,12,,2,2,0.0,33,0.15600624024961,False,False,94.0,5
Good,79,196.0,4,65,10,0,0,100,122.0,7,7,67,1,55,10,0,0,27,50.0,1,2,0.5,100,0.15600624024961,False,False,15.0,67
Bad,64,207.0,25,77,11,2,2,82,13.0,7,6,11,0,36,36,2,2,57,22.0,2,2,0.0,71,0.15600624024961,True,False,100.0,7
Good,81,151.0,19,82,21,1,0,95,57.5,7,5,22,0,23,0,0,0,1,46.0,1,4,0.0,100,0.15600624024961,True,False,95.0,22
Bad,61,183.0,5,68,2,1,0,67,10.0,5,5,3,1,33,36,2,2,108,,1,1,1.0,67,0.5319148936170213,True,True,67.0,2
Bad,62,62.0,5,40,13,1,1,79,9.0,4,4,14,1,50,0,0,0,66,89.0,3,2,1.0,71,0.5319148936170213,True,True,93.0,9
Bad,82,511.0,20,168,20,0,0,100,122.0,7,7,20,0,25,36,0,0,16,,3,1,1.0,40,0.15600624024961,False,False,100.0,8
Bad,58,163.0,6,101,20,3,1,71,16.0,7,5,24,2,29,2,4,4,86,,5,2,2.0,67,0.15600624024961,True,False,83.0,16
Bad,83,122.0,13,35,11,0,0,100,122.0,7,7,11,0,36,0,0,0,2,,2,1,0.0,50,0.15600624024961,False,False,100.0,5
Bad,65,79.0,9,40,11,1,0,77,8.0,6,5,13,1,46,0,2,2,0,96.0,0,2,0.5,75,0.5319148936170213,True,True,85.0,9
Bad,71,200.0,3,83,20,0,0,95,16.0,7,6,20,1,25,36,0,0,53,62.0,7,3,1.0,71,0.15600624024961,True,False,100.0,14
Bad,73,139.0,16,61,14,0,0,100,122.0,7,7,14,0,14,0,3,3,59,66.0,6,1,2.0,78,0.15600624024961,False,False,100.0,10
Bad,59,45.0,11,31,10,2,1,73,11.0,5,4,15,1,20,0,0,0,14,,6,1,0.0,88,0.5319148936170213,True,True,67.0,13
Bad,57,179.0,8,75,31,2,0,76,17.0,7,5,34,1,41,0,0,0,73,79.0,5,2,3.0,70,0.15600624024961,True,False,91.0,23
Good,90,528.0,1,210,10,0,0,100,122.0,7,7,11,1,18,2,1,1,2,,2,1,0.0,75,0.15600624024961,False,False,91.0,8
Good,78,175.0,17,88,39,0,0,100,122.0,7,7,40,0,70,5,1,1,33,74.0,3,2,1.0,83,0.15600624024961,False,False,98.0,33
Good,56,447.0,3,145,14,2,2,78,1.0,6,2,18,1,22,0,1,1,32,,3,2,1.0,43,0.5319148936170213,True,True,78.0,7
Bad,86,184.0,15,77,39,0,0,100,122.0,7,7,40,0,18,0,0,0,4,,11,1,0.0,57,0.15600624024961,False,False,98.0,22
Bad,72,211.0,39,121,15,0,0,82,4.0,6,6,15,0,41,12,0,0,43,45.0,3,2,0.0,83,0.5319148936170213,True,True,100.0,12
Bad,70,178.0,6,114,16,0,0,88,12.0,7,6,16,2,31,36,0,0,43,16.0,7,3,3.0,92,0.15600624024961,True,False,100.0,14
Bad,62,102.0,3,51,20,1,0,78,11.0,6,5,23,4,39,0,1,1,56,85.0,3,3,2.0,75,0.5319148936170213,True,True,87.0,17
Bad,70,224.0,21,68,21,0,0,90,23.0,7,6,21,0,38,0,3,3,23,44.0,1,1,0.0,29,0.15600624024961,True,False,100.0,6
Bad,47,150.0,15,78,21,4,2,75,2.0,5,2,28,0,57,0,1,1,77,,5,1,2.0,86,0.5319148936170213,True,True,75.0,24
Good,62,208.0,4,118,16,1,0,89,1.0,6,5,18,2,33,0,1,1,69,66.0,6,4,3.0,100,0.5319148936170213,True,True,89.0,18
Bad,62,132.0,7,69,31,0,0,100,122.0,7,7,33,2,24,0,1,1,87,96.0,7,4,4.0,69,0.15600624024961,False,False,94.0,22
Good,89,261.0,11,105,60,0,0,100,122.0,7,7,64,1,27,36,0,0,0,,3,3,0.0,21,0.15600624024961,False,False,94.0,13
Bad,64,78.0,2,44,20,2,1,91,38.0,7,5,22,3,27,1,7,7,64,55.0,3,2,1.0,71,0.15600624024961,True,False,91.0,15
Good,79,150.0,11,59,27,0,0,100,122.0,7,7,27,1,33,2,4,4,8,77.0,2,3,0.0,50,0.15600624024961,False,False,100.0,13
Bad,61,425.0,34,103,13,4,4,79,37.0,2,3,20,0,58,0,0,0,78,66.0,4,1,1.0,100,0.5319148936170213,True,True,65.0,20
Bad,65,145.0,4,46,36,0,0,94,80.0,7,6,36,4,31,0,1,1,61,74.0,13,6,5.0,84,0.15600624024961,True,False,100.0,30
Good,79,138.0,4,56,26,0,0,100,122.0,7,7,27,3,19,36,0,0,12,,4,2,0.0,70,0.15600624024961,False,False,96.0,18
Bad,67,137.0,1,54,15,0,0,82,38.0,7,6,17,1,24,0,3,2,47,,4,1,1.0,60,0.15600624024961,True,False,88.0,10
Good,86,309.0,8,93,22,0,0,100,122.0,7,7,35,2,23,0,0,0,0,84.0,2,2,0.0,40,0.15600624024961,False,False,63.0,14
Good,83,81.0,10,43,14,0,0,100,122.0,7,7,14,1,43,19,0,0,17,87.0,6,2,0.0,100,0.15600624024961,False,False,100.0,14
Good,86,172.0,14,126,20,0,0,100,122.0,7,7,21,0,43,36,0,0,30,66.0,1,2,0.0,75,0.15600624024961,False,False,95.0,15
Bad,81,336.0,19,68,6,0,0,100,122.0,7,7,10,0,50,18,0,0,73,,1,1,0.0,100,0.15600624024961,False,False,60.0,10
Good,64,166.0,2,58,14,2,0,89,18.0,7,5,19,3,58,3,1,1,41,82.0,3,6,0.0,82,0.15600624024961,True,False,74.0,15
Good,87,296.0,26,120,12,0,0,100,122.0,7,7,14,0,42,0,0,0,17,33.0,2,1,0.0,75,0.15600624024961,False,False,86.0,10
Bad,61,209.0,1,89,34,2,2,83,10.0,2,2,41,3,44,0,8,8,35,46.0,8,4,1.0,76,0.5319148936170213,True,True,83.0,31
Bad,57,129.0,4,63,32,0,0,84,23.0,7,6,32,5,31,0,3,3,82,73.0,4,4,3.0,73,0.15600624024961,True,False,100.0,23
Bad,65,478.0,12,97,44,0,0,89,1.0,6,6,47,0,32,0,9,9,63,,9,2,6.0,60,0.5319148936170213,True,True,94.0,28
Good,67,344.0,4,171,24,0,0,96,57.0,7,6,26,3,31,0,0,0,77,68.0,6,3,4.0,71,0.15600624024961,True,False,92.0,18
Good,88,206.0,7,83,23,0,0,100,122.0,7,7,25,2,44,23,0,0,18,89.0,1,2,0.0,60,0.15600624024961,False,False,92.0,15
Good,90,359.0,14,110,9,0,0,100,122.0,7,7,9,0,33,0,0,0,3,,1,1,0.0,100,0.15600624024961,False,False,100.0,9
Good,78,155.0,5,70,20,0,0,100,122.0,7,7,20,1,20,0,1,1,41,22.0,2,3,1.0,63,0.15600624024961,False,False,100.0,12
Bad,64,129.0,50,80,11,1,1,88,21.0,7,6,18,0,59,0,0,0,85,,2,2,0.0,75,0.15600624024961,True,False,61.0,13
Good,89,219.0,2,75,11,0,0,100,122.0,7,7,12,1,17,0,0,0,4,,3,1,0.0,57,0.15600624024961,False,False,92.0,6
Good,65,140.0,8,65,8,0,0,88,52.0,7,6,8,1,13,0,2,2,91,,2,1,2.0,75,0.15600624024961,True,False,100.0,6
Bad,84,116.0,4,68,22,0,0,100,122.0,7,7,22,1,55,19,0,0,17,32.0,2,6,0.0,89,0.15600624024961,False,False,100.0,19
Good,80,228.0,3,80,33,0,0,100,122.0,7,7,33,3,36,36,3,3,22,23.0,5,4,2.0,82,0.15600624024961,False,False,100.0,27
Bad,63,142.0,10,78,16,1,0,76,5.0,5,5,17,2,47,15,0,0,59,51.0,3,2,2.0,83,0.5319148936170213,True,True,94.0,14
Good,82,181.0,8,85,12,0,0,100,122.0,7,7,12,1,33,0,0,0,24,,3,1,0.0,57,0.15600624024961,False,False,100.0,6
Good,72,179.0,2,57,30,0,0,100,122.0,7,7,31,2,42,2,1,1,50,91.0,7,4,3.0,73,0.15600624024961,False,False,97.0,22
Good,86,329.0,3,135,15,0,0,100,122.0,7,7,15,1,20,10,0,0,0,77.0,2,2,0.0,67,0.15600624024961,False,False,100.0,10
Good,80,330.0,7,45,19,0,0,100,122.0,7,7,28,2,32,10,1,1,1,,1,2,0.0,50,0.15600624024961,False,False,68.0,14
Good,88,277.0,10,127,24,0,0,100,122.0,7,7,25,1,40,12,0,0,2,86.0,3,2,0.0,45,0.15600624024961,False,False,96.0,11
Bad,62,489.0,6,147,17,0,0,67,10.0,6,6,21,1,19,0,3,3,46,,6,1,2.0,62,0.5319148936170213,True,True,81.0,13
Good,85,386.0,2,125,25,0,0,96,34.0,7,6,49,1,39,1,1,1,2,72.0,4,3,0.0,64,0.15600624024961,True,False,51.0,31
Bad,61,108.0,1,64,3,0,0,67,79.0,7,6,8,2,50,0,4,4,81,81.0,1,1,1.0,75,0.15600624024961,True,False,38.0,6
Good,85,141.0,15,77,25,0,0,96,30.0,7,6,32,0,12,11,0,0,1,,3,1,0.0,50,0.15600624024961,True,False,78.0,16
Good,60,182.0,9,87,19,1,1,84,8.0,6,6,20,1,21,0,0,0,93,60.0,8,2,4.0,100,0.5319148936170213,True,True,95.0,20
Good,70,98.0,5,59,31,0,0,97,36.0,7,6,35,3,26,36,5,5,19,95.0,4,2,1.0,50,0.15600624024961,True,False,89.0,17
Bad,61,395.0,30,103,8,0,0,73,2.0,6,6,11,0,18,0,0,0,79,,5,2,2.0,100,0.5319148936170213,True,True,73.0,11
Bad,58,87.0,2,42,34,0,0,100,122.0,7,7,42,2,34,36,5,4,70,92.0,12,3,2.0,75,0.15600624024961,False,False,81.0,31
Good,61,274.0,7,103,27,0,0,79,2.0,6,6,29,1,17,0,0,0,33,47.0,11,2,3.0,76,0.5319148936170213,True,True,93.0,22
Bad,63,282.0,2,106,19,5,4,80,23.0,7,4,26,1,44,0,0,0,12,,1,1,0.0,67,0.15600624024961,True,False,73.0,17
Bad,73,19.0,2,9,2,0,0,100,122.0,7,7,3,2,33,0,8,7,15,,1,1,0.0,67,0.15600624024961,False,False,67.0,2
Bad,72,7.0,4,6,2,0,0,100,122.0,7,7,2,2,0,0,4,4,66,,2,2,0.0,100,0.15600624024961,False,False,100.0,2
Bad,62,156.0,2,63,31,1,1,97,5.0,2,2,33,3,18,0,0,0,3,,3,2,0.0,42,0.5319148936170213,True,True,94.0,13
Good,70,191.0,6,65,12,2,1,73,26.0,7,4,16,2,40,0,0,0,7,,2,2,0.0,67,0.15600624024961,True,False,75.0,10
Bad,65,296.0,28,139,8,1,1,89,4.0,2,2,9,0,22,0,0,0,40,,5,2,0.0,100,0.5319148936170213,True,True,89.0,9
Good,75,187.0,7,95,22,0,0,100,122.0,7,7,24,2,50,0,0,0,46,54.0,3,3,1.0,67,0.15600624024961,False,False,92.0,16
Bad,78,41.0,3,16,3,0,0,100,122.0,7,7,3,2,67,36,16,16,0,,0,1,0.5,50,0.15600624024961,False,False,100.0,1
Bad,75,193.0,3,52,23,1,0,96,43.0,7,2,24,2,29,0,0,0,27,,9,1,1.0,67,0.15600624024961,True,False,96.0,16
Bad,60,85.0,14,54,16,3,3,68,25.0,7,3,23,0,47,2,1,1,23,49.0,3,3,2.0,50,0.15600624024961,True,False,70.0,11
Bad,66,165.0,6,74,36,1,1,92,26.0,7,6,36,4,42,0,2,2,27,95.0,1,3,0.0,33,0.15600624024961,True,False,100.0,11
Good,76,260.0,3,94,42,1,1,98,64.0,7,3,85,7,27,3,8,8,14,,5,2,1.0,50,0.15600624024961,True,False,49.0,42
Bad,68,141.0,1,62,26,1,1,93,15.0,7,2,28,1,11,0,2,0,39,1.0,5,2,1.0,50,0.15600624024961,True,False,93.0,14
Good,69,183.0,7,46,21,1,1,86,20.0,7,2,22,2,45,0,1,1,36,75.0,1,4,0.0,56,0.15600624024961,True,False,95.0,12
Good,80,187.0,2,93,18,0,0,100,122.0,7,7,19,1,26,0,0,0,31,,3,1,2.0,63,0.15600624024961,False,False,95.0,11
Bad,73,345.0,11,74,25,0,0,92,34.0,7,6,25,1,20,0,0,0,54,46.0,6,2,3.0,62,0.15600624024961,True,False,100.0,15
Good,87,151.0,5,82,29,0,0,100,122.0,7,7,33,3,73,10,0,0,9,60.0,1,6,0.0,70,0.15600624024961,False,False,88.0,23
Good,80,233.0,3,106,28,0,0,97,2.0,6,6,30,4,37,2,3,3,4,98.0,4,2,0.0,86,0.5319148936170213,True,True,93.0,25
Bad,70,83.0,7,48,7,1,0,88,40.0,7,5,8,1,13,2,1,1,38,,3,1,0.0,67,0.15600624024961,True,False,88.0,5
Good,89,447.0,10,136,6,0,0,100,122.0,7,7,7,1,43,11,0,0,13,,1,1,0.0,67,0.15600624024961,False,False,86.0,4
Good,82,207.0,21,94,15,0,0,100,122.0,7,7,16,0,44,0,1,1,31,59.0,4,2,0.0,100,0.15600624024961,False,False,94.0,16
Bad,79,58.0,5,26,10,0,0,100,122.0,7,7,10,3,30,36,2,2,26,,1,2,0.0,20,0.15600624024961,False,False,100.0,2
Good,80,173.0,8,62,17,0,0,100,122.0,7,7,18,2,67,0,1,1,21,93.0,3,3,0.0,100,0.15600624024961,False,False,94.0,18
Good,72,253.0,2,70,30,1,0,94,55.0,7,5,34,5,38,3,2,2,15,99.0,8,3,0.0,67,0.15600624024961,True,False,88.0,22
Bad,74,149.0,3,36,14,0,0,100,122.0,7,7,14,4,50,0,1,1,32,25.0,3,5,0.0,80,0.15600624024961,False,False,100.0,11
Bad,55,168.0,4,71,4,2,2,40,5.0,4,4,5,1,20,0,2,2,0,,0,2,0.5,0,0.5319148936170213,True,True,80.0,0
Bad,61,74.0,14,59,20,2,2,90,16.0,2,6,23,0,5,0,0,0,19,,4,1,1.0,31,0.5319148936170213,True,True,87.0,7
Good,75,197.0,7,55,14,0,0,100,122.0,7,7,14,1,36,36,0,0,70,45.0,3,2,1.0,100,0.15600624024961,False,False,100.0,14
Good,83,238.0,3,128,54,0,0,100,122.0,7,7,56,2,27,3,1,1,8,27.0,4,3,1.0,47,0.15600624024961,False,False,96.0,26
Bad,79,244.0,2,93,8,1,1,82,26.0,7,4,11,3,18,0,1,1,15,,4,1,0.0,86,0.15600624024961,True,False,73.0,9
Bad,78,131.0,12,74,8,0,0,100,122.0,7,7,8,0,25,0,1,1,46,,2,1,1.0,75,0.15600624024961,False,False,100.0,6
Good,87,129.0,2,77,15,0,0,100,122.0,7,7,16,2,19,0,0,0,6,,3,1,0.0,40,0.15600624024961,False,False,94.0,6
Bad,65,304.0,1,89,39,1,1,93,1.0,6,6,40,2,8,0,1,1,18,76.0,11,2,0.0,46,0.5319148936170213,True,True,98.0,18
Bad,74,338.0,17,111,17,0,0,53,4.0,6,6,20,0,30,0,1,1,6,,3,2,0.0,43,0.5319148936170213,True,True,85.0,8
Bad,61,43.0,3,23,25,0,0,100,122.0,7,7,25,6,0,0,6,3,44,,12,2,3.0,52,0.15600624024961,False,False,100.0,13
Good,74,319.0,2,75,30,0,0,100,122.0,7,7,31,4,29,2,5,5,37,77.0,6,5,0.0,69,0.15600624024961,False,False,97.0,21
Bad,59,152.0,8,50,23,4,2,79,29.0,7,2,29,4,41,0,0,0,70,93.0,8,3,1.0,100,0.15600624024961,True,False,79.0,29
Bad,72,141.0,1,66,10,0,0,83,15.0,7,6,12,2,25,0,1,1,49,94.0,2,1,1.0,33,0.15600624024961,True,False,83.0,3
Bad,62,140.0,10,75,6,4,2,50,6.0,3,2,10,1,50,0,2,2,52,89.0,2,2,1.0,100,0.5319148936170213,True,True,60.0,10
Good,79,421.0,3,66,15,0,0,100,122.0,7,7,15,1,40,0,0,0,46,63.0,2,2,2.0,50,0.15600624024961,False,False,100.0,7
Good,85,127.0,9,58,22,0,0,100,122.0,7,7,22,2,50,0,0,0,2,,1,1,0.0,33,0.15600624024961,False,False,100.0,7
Bad,55,25.0,5,14,9,0,0,100,122.0,7,7,9,5,56,0,1,1,97,93.0,3,2,2.0,100,0.15600624024961,False,False,100.0,9
Good,71,141.0,3,45,40,1,0,98,20.0,7,5,41,8,61,0,0,0,33,121.0,2,14,1.0,73,0.15600624024961,True,False,98.0,29
Good,90,234.0,6,128,32,0,0,100,122.0,7,7,32,2,38,36,0,0,1,78.0,2,2,0.0,57,0.15600624024961,False,False,100.0,18
Bad,71,194.0,3,115,14,2,1,94,4.0,5,5,16,1,31,36,3,3,10,,1,2,0.0,50,0.5319148936170213,True,True,88.0,8
Good,87,264.0,8,138,28,0,0,100,122.0,7,7,60,2,17,8,0,0,4,82.0,1,2,0.0,57,0.15600624024961,False,False,47.0,34
Good,77,142.0,4,71,33,0,0,100,122.0,7,7,33,2,55,1,2,2,0,78.0,2,5,0.0,78,0.15600624024961,False,False,100.0,25
Bad,63,198.0,2,54,19,0,0,90,1.0,6,6,20,4,60,0,0,0,72,68.0,3,4,2.0,88,0.5319148936170213,True,True,95.0,17
Bad,67,153.0,1,44,22,0,0,100,122.0,7,7,24,5,33,0,3,2,26,20.0,11,2,1.0,87,0.15600624024961,False,False,92.0,20
Good,77,161.0,2,60,12,0,0,92,7.0,6,6,13,3,46,5,0,0,6,99.0,2,3,0.0,63,0.5319148936170213,True,True,92.0,8
Bad,84,142.0,17,65,12,0,0,100,122.0,7,7,13,0,42,36,0,0,17,,2,2,0.0,57,0.15600624024961,False,False,92.0,7
Good,73,422.0,2,62,42,0,0,98,11.0,6,6,43,8,23,0,4,4,12,,4,2,0.0,44,0.5319148936170213,True,True,98.0,18
Bad,58,167.0,3,62,24,1,1,80,1.0,6,2,25,1,24,1,1,1,0,48.0,0,3,0.0,33,0.5319148936170213,True,True,96.0,8
Good,77,52.0,27,37,4,0,0,75,28.0,7,6,4,0,50,0,0,0,0,,0,1,0.0,33,0.15600624024961,True,False,100.0,1
Bad,70,250.0,11,60,15,0,0,100,122.0,7,7,15,2,40,2,2,2,63,,5,2,2.0,100,0.15600624024961,False,False,100.0,15
Good,88,161.0,12,49,7,0,0,100,122.0,7,7,15,0,29,11,0,0,0,,0,1,0.0,33,0.15600624024961,False,False,47.0,4
Bad,60,299.0,6,123,9,2,2,60,30.0,7,4,9,3,27,0,1,1,65,70.0,6,2,0.0,100,0.15600624024961,True,False,100.0,9
Good,79,199.0,7,121,18,0,0,100,122.0,7,7,51,1,11,0,1,1,21,15.0,5,1,1.0,75,0.15600624024961,False,False,35.0,38
Bad,60,49.0,2,25,24,0,0,100,122.0,7,7,25,6,32,0,2,2,35,73.0,9,4,2.0,72,0.15600624024961,False,False,96.0,18
Good,79,331.0,12,97,19,1,0,95,29.0,7,5,30,0,43,13,0,0,33,83.0,3,2,1.0,56,0.15600624024961,True,False,63.0,16
Good,72,198.0,2,55,30,0,0,100,122.0,7,7,31,3,45,0,1,1,37,87.0,4,4,2.0,67,0.15600624024961,False,False,97.0,20
Good,78,141.0,6,63,22,0,0,100,122.0,7,7,22,1,45,0,0,0,46,38.0,2,3,1.0,63,0.15600624024961,False,False,100.0,13
Good,86,403.0,3,131,18,0,0,100,122.0,7,7,21,2,24,0,4,4,2,,4,2,0.0,40,0.15600624024961,False,False,86.0,8
Bad,77,305.0,2,84,16,0,0,90,22.0,7,6,20,4,65,0,3,3,11,87.0,3,2,1.0,71,0.15600624024961,True,False,80.0,14
Bad,80,208.0,7,116,15,0,0,100,122.0,7,7,15,2,27,1,1,1,38,34.0,3,3,0.0,86,0.15600624024961,False,False,100.0,12
Bad,68,299.0,3,73,19,0,0,95,34.0,7,6,19,1,37,2,2,2,60,,5,1,3.0,60,0.15600624024961,True,False,100.0,11
Good,80,151.0,8,62,15,0,0,100,122.0,7,7,16,1,19,0,2,2,2,,4,1,0.0,50,0.15600624024961,False,False,94.0,8
Bad,69,63.0,1,32,16,0,0,100,122.0,7,7,17,3,41,36,7,7,45,57.0,5,3,0.0,80,0.15600624024961,False,False,94.0,13
Good,73,196.0,14,85,31,0,0,97,23.0,7,6,33,0,42,0,0,0,53,,4,1,1.0,100,0.15600624024961,True,False,94.0,33
Bad,62,150.0,13,80,21,1,1,87,8.0,2,6,23,0,30,14,0,0,40,,7,1,0.0,100,0.5319148936170213,True,True,91.0,23
Bad,58,101.0,8,52,33,0,0,100,122.0,7,7,34,3,15,0,0,0,96,65.0,13,3,8.0,100,0.15600624024961,False,False,97.0,34
Bad,65,192.0,8,76,35,0,0,94,17.0,7,6,35,2,26,0,1,1,39,84.0,7,3,4.0,53,0.15600624024961,True,False,100.0,18
Good,90,501.0,10,161,11,0,0,100,122.0,7,7,11,1,27,0,0,0,9,,1,1,0.0,25,0.15600624024961,False,False,100.0,2
Good,59,178.0,16,87,16,4,2,71,19.0,7,4,22,0,48,0,2,2,96,59.0,2,3,1.0,75,0.15600624024961,True,False,73.0,16
Bad,75,146.0,2,69,24,0,0,100,122.0,7,7,25,2,52,4,1,1,58,99.0,3,3,1.0,86,0.15600624024961,False,False,96.0,21
Good,88,342.0,50,256,7,0,0,100,122.0,7,7,7,0,0,0,0,0,12,,3,2,0.0,60,0.15600624024961,False,False,100.0,4
Good,66,305.0,36,134,26,1,0,90,8.0,6,5,29,0,28,5,0,0,46,,6,2,3.0,62,0.5319148936170213,True,True,90.0,17
Good,86,380.0,3,138,23,0,0,100,122.0,7,7,23,1,13,0,1,1,5,99.0,3,2,0.0,42,0.15600624024961,False,False,100.0,9
Bad,73,74.0,27,48,3,0,0,100,122.0,7,7,3,0,100,0,2,2,27,98.0,3,1,0.5,100,0.15600624024961,False,False,100.0,3
Bad,70,299.0,3,104,33,1,1,97,16.0,7,2,37,4,8,0,3,3,6,92.0,7,2,1.0,41,0.15600624024961,True,False,89.0,15
Good,64,162.0,2,53,14,0,0,100,122.0,7,7,15,2,27,2,1,1,63,88.0,7,3,4.0,100,0.15600624024961,False,False,93.0,15
Good,78,130.0,4,64,22,0,0,100,122.0,7,7,22,1,18,36,5,5,10,,3,2,1.0,43,0.15600624024961,False,False,100.0,9
Good,85,275.0,2,83,15,0,0,100,122.0,7,7,17,1,18,1,1,1,5,,2,2,1.0,25,0.15600624024961,False,False,88.0,4
Good,82,215.0,32,73,10,0,0,100,122.0,7,7,10,0,60,36,1,0,0,26.0,2,4,1.0,100,0.15600624024961,False,False,100.0,10
Bad,59,382.0,16,117,18,10,9,65,9.0,6,3,23,0,35,0,2,2,36,18.0,3,2,0.0,56,0.5319148936170213,True,True,78.0,12
Good,81,202.0,5,106,37,0,0,95,40.0,7,6,44,1,46,1,1,1,0,92.0,2,2,0.0,36,0.15600624024961,True,False,84.0,15
Bad,57,183.5,6,91,10,1,0,47,2.0,6,5,16,1,31,36,0,0,91,29.0,4,1,2.0,86,0.5319148936170213,True,True,62.0,13
Good,80,193.0,8,88,25,0,0,100,122.0,7,7,26,1,12,12,0,0,30,,3,2,1.0,33,0.15600624024961,False,False,96.0,8
Bad,61,33.0,7,18,5,0,0,100,122.0,7,7,7,1,80,36,0,0,92,,1,1,0.5,100,0.15600624024961,False,False,71.0,7
Bad,86,438.0,4,81,12,0,0,92,57.5,7,6,12,1,42,0,0,0,5,,3,1,0.0,57,0.15600624024961,True,False,100.0,6
Bad,78,191.0,51,120,8,1,0,50,10.0,6,5,12,0,25,36,1,1,0,,1,1,0.0,50,0.5319148936170213,True,True,67.0,6
Bad,65,186.0,3,66,23,0,0,96,32.0,7,6,23,2,48,36,7,7,55,27.0,7,4,1.0,92,0.15600624024961,True,False,100.0,21
Bad,86,219.0,4,79,19,0,0,95,57.5,7,6,19,1,32,36,2,2,2,,1,2,0.0,14,0.15600624024961,True,False,100.0,2
Good,65,183.0,16,77,24,0,0,96,7.0,6,6,24,0,33,19,0,0,45,77.0,3,4,3.0,70,0.5319148936170213,True,True,100.0,16
Bad,87,120.0,12,59,26,0,0,100,122.0,7,7,26,0,54,36,1,1,1,,2,1,0.0,75,0.15600624024961,False,False,100.0,19
Good,85,190.0,2,49,9,0,0,100,122.0,7,7,10,2,30,3,1,1,5,56.0,2,2,0.0,57,0.15600624024961,False,False,90.0,5
Bad,68,132.0,9,65,34,0,0,100,122.0,7,7,36,2,38,6,0,0,50,88.0,6,2,4.0,62,0.15600624024961,False,False,94.0,22
Good,85,177.0,4,63,11,0,0,100,122.0,7,7,11,2,27,0,0,0,0,89.0,2,3,0.0,56,0.15600624024961,False,False,100.0,6
Bad,73,190.0,19,68,37,0,0,100,122.0,7,7,41,0,7,0,0,0,41,,14,1,7.0,63,0.15600624024961,False,False,90.0,25
Good,60,230.0,1,90,29,2,2,91,10.0,2,3,32,1,28,0,3,3,46,59.0,8,3,4.0,55,0.5319148936170213,True,True,91.0,17
Good,72,226.0,6,127,42,0,0,95,21.0,7,6,43,2,40,36,1,1,38,47.0,10,2,1.0,71,0.15600624024961,True,False,98.0,30
Good,73,356.0,8,165,7,1,1,86,59.0,7,6,7,1,29,0,0,0,27,77.0,2,1,0.0,75,0.15600624024961,True,False,100.0,5
Good,63,211.0,13,76,15,2,2,74,9.0,4,2,19,0,5,0,7,7,1,,1,2,0.0,14,0.5319148936170213,True,True,79.0,2
Bad,65,80.0,2,45,31,2,1,81,18.0,7,4,38,8,27,36,3,3,8,98.0,1,3,0.5,29,0.15600624024961,True,False,82.0,11
Bad,72,290.0,7,64,19,0,0,100,122.0,7,7,19,3,26,7,0,0,25,,5,1,0.0,50,0.15600624024961,False,False,100.0,9
Good,89,283.0,13,116,30,0,0,100,122.0,7,7,32,0,19,0,1,0,4,33.0,3,2,0.0,50,0.15600624024961,False,False,94.0,16
Good,70,184.0,3,40,15,0,0,87,19.0,7,6,17,4,53,3,3,3,22,97.0,2,2,0.0,50,0.15600624024961,True,False,88.0,8
Good,75,167.0,1,70,7,0,0,88,57.5,7,6,8,1,25,0,0,0,18,100.0,2,2,2.0,57,0.15600624024961,True,False,88.0,4
Good,87,229.0,4,100,22,0,0,100,122.0,7,7,25,2,44,1,2,2,16,83.0,5,2,0.0,64,0.15600624024961,False,False,88.0,16
Good,72,149.0,2,63,46,0,0,100,122.0,7,7,49,4,51,36,4,4,34,83.0,4,5,2.0,75,0.15600624024961,False,False,94.0,36
Bad,74,235.0,12,120,34,0,0,100,122.0,7,7,34,0,32,0,0,0,52,58.0,13,3,4.0,74,0.15600624024961,False,False,100.0,25
Good,86,166.0,2,77,9,0,0,100,122.0,7,7,10,1,40,0,5,5,7,,1,1,0.0,33,0.15600624024961,False,False,90.0,3
Bad,62,183.5,6,66,12,2,0,79,10.0,6,5,14,2,36,36,1,1,44,,1,1,1.0,33,0.5319148936170213,True,True,86.0,4
Good,56,182.0,7,105,16,4,4,65,4.0,2,2,20,3,25,0,1,1,43,,3,2,1.0,38,0.5319148936170213,True,True,80.0,7
Bad,74,101.0,4,59,13,0,0,100,122.0,7,7,14,1,50,36,2,2,47,57.0,2,3,1.0,100,0.15600624024961,False,False,93.0,14
Good,91,178.0,100,132,5,0,0,100,122.0,7,7,7,0,71,3,1,1,0,,0,2,0.0,0,0.15600624024961,False,False,71.0,0
Bad,60,115.0,4,48,18,1,0,89,1.0,5,5,19,4,58,36,4,4,44,81.0,4,3,1.0,88,0.5319148936170213,True,True,95.0,16
Good,73,243.0,18,122,20,0,0,95,3.0,6,6,21,0,5,36,3,3,1,,4,2,0.0,44,0.5319148936170213,True,True,95.0,9
Bad,76,315.0,13,117,35,0,0,97,40.0,7,6,35,0,17,0,1,1,15,57.0,10,5,2.0,53,0.15600624024961,True,False,100.0,18
Bad,68,183.5,2,114,18,3,3,95,20.0,7,2,21,2,38,36,4,4,5,92.0,1,2,0.0,50,0.15600624024961,True,False,86.0,10
Bad,74,279.0,3,90,31,1,1,97,12.0,7,4,33,3,18,0,2,2,5,95.0,4,3,0.0,47,0.15600624024961,True,False,94.0,15
Good,70,327.0,4,82,37,0,0,100,122.0,7,7,37,4,16,0,3,2,31,88.0,7,3,3.0,56,0.15600624024961,False,False,100.0,20
Bad,65,183.5,6,60,3,5,3,50,14.0,2,5,6,3,17,9,0,0,5,,3,2,0.0,60,0.5319148936170213,True,True,50.0,3
Good,85,216.0,26,89,14,0,0,100,122.0,7,7,15,0,33,0,0,0,25,,2,1,0.0,50,0.15600624024961,False,False,93.0,7
Bad,67,213.0,1,56,53,1,0,98,42.0,7,5,59,11,18,2,2,2,22,89.0,7,5,1.0,52,0.15600624024961,True,False,90.0,30
Good,69,261.0,10,100,22,0,0,95,10.0,6,6,22,1,32,0,0,0,57,,7,1,2.0,89,0.5319148936170213,True,True,100.0,19
Good,85,158.0,16,70,8,0,0,100,122.0,7,7,8,0,25,6,0,0,20,80.0,3,2,0.0,83,0.15600624024961,False,False,100.0,6
Good,82,237.0,15,88,28,0,0,100,122.0,7,7,31,0,13,14,0,0,7,48.0,4,2,0.0,43,0.15600624024961,False,False,90.0,13
Good,88,211.0,20,103,13,0,0,100,122.0,7,7,14,0,57,36,0,0,0,19.0,2,3,0.0,71,0.15600624024961,False,False,93.0,9
Bad,69,77.0,8,45,28,0,0,100,122.0,7,7,29,3,38,0,0,0,39,72.0,4,5,0.0,75,0.15600624024961,False,False,97.0,21
Bad,66,337.0,7,112,38,0,0,98,8.0,6,6,40,1,28,0,1,1,46,81.0,8,4,3.0,71,0.5319148936170213,True,True,95.0,28
Bad,61,157.0,2,53,24,0,0,84,1.0,6,6,25,4,36,0,0,0,41,98.0,1,4,1.0,55,0.5319148936170213,True,True,96.0,13
Bad,63,349.0,4,111,34,0,0,97,16.0,7,6,35,1,6,19,0,0,83,,18,1,12.0,91,0.15600624024961,True,False,97.0,31
Good,85,221.0,2,46,62,0,0,100,122.0,7,7,63,6,16,0,2,2,0,,4,3,0.0,21,0.15600624024961,False,False,98.0,13
Good,88,185.0,19,92,28,0,0,100,122.0,7,7,28,0,50,16,0,0,8,62.0,2,3,0.0,63,0.15600624024961,False,False,100.0,17
Bad,60,141.0,50,94,13,2,2,73,4.0,6,6,15,0,27,0,0,0,61,,2,1,0.0,100,0.5319148936170213,True,True,87.0,15
Good,72,158.0,6,81,11,0,0,80,2.0,6,6,15,3,7,11,0,0,11,,3,1,0.0,44,0.5319148936170213,True,True,73.0,6
Good,65,176.0,5,72,12,2,2,79,10.0,6,3,14,2,36,20,0,0,58,,5,1,3.0,60,0.5319148936170213,True,True,86.0,8
Good,77,273.0,3,98,26,0,0,96,6.0,6,6,28,1,39,0,0,0,11,,2,1,2.0,33,0.5319148936170213,True,True,93.0,9
Bad,66,87.0,6,51,31,0,0,100,122.0,7,7,31,4,32,36,0,0,49,91.0,8,3,1.0,79,0.15600624024961,False,False,100.0,24
Good,76,197.0,8,73,19,2,0,86,19.0,7,5,22,2,24,8,0,0,7,,1,1,0.0,29,0.15600624024961,True,False,86.0,6
Good,89,441.0,75,194,12,0,0,100,122.0,7,7,13,0,25,9,0,0,5,,2,1,0.0,43,0.15600624024961,False,False,92.0,5
Bad,72,171.0,3,68,21,0,0,96,49.0,7,6,24,4,33,0,4,4,36,22.0,4,2,1.0,67,0.15600624024961,True,False,88.0,16
Good,74,151.0,13,66,45,0,0,100,122.0,7,7,46,0,9,0,0,0,19,,7,1,3.0,50,0.15600624024961,False,False,98.0,23
Good,71,245.0,6,62,33,1,0,97,10.0,5,5,34,1,24,36,0,0,19,56.0,7,3,0.0,50,0.5319148936170213,True,True,97.0,17
Bad,64,127.0,7,66,20,5,5,70,6.0,6,2,23,1,52,0,0,0,0,79.0,1,4,0.5,86,0.5319148936170213,True,True,87.0,19
Good,86,186.0,0,102,12,0,0,100,122.0,7,7,14,1,50,0,0,0,37,,3,1,0.0,80,0.15600624024961,False,False,86.0,11
Bad,64,204.0,14,118,17,0,0,78,1.0,6,6,18,0,56,0,0,0,48,51.0,6,1,0.0,88,0.5319148936170213,True,True,94.0,15
Bad,67,117.0,1,46,10,0,0,92,13.0,7,6,12,2,42,36,1,1,60,55.0,3,2,2.0,71,0.15600624024961,True,False,83.0,8
Bad,69,130.0,2,60,13,3,1,82,41.0,7,2,18,1,53,0,3,3,6,60.0,3,4,1.0,88,0.15600624024961,True,False,72.0,15
Bad,71,206.0,2,85,34,0,0,100,122.0,7,7,35,1,34,0,1,1,95,61.0,5,2,5.0,70,0.15600624024961,False,False,97.0,24
Good,79,200.0,5,86,26,0,0,100,122.0,7,7,30,1,67,0,1,1,57,97.0,4,2,1.0,100,0.15600624024961,False,False,87.0,30
Bad,75,200.0,1,63,48,0,0,98,25.0,7,6,53,2,31,36,1,1,41,,3,1,1.0,36,0.15600624024961,True,False,91.0,19
Good,81,266.0,2,51,29,0,0,100,122.0,7,7,30,4,53,0,1,1,9,88.0,3,6,0.0,83,0.15600624024961,False,False,97.0,24
Good,86,141.0,2,64,14,0,0,100,122.0,7,7,18,3,72,2,3,3,0,90.0,0,3,0.0,60,0.15600624024961,False,False,78.0,10
Good,72,103.0,8,45,20,0,0,100,122.0,7,7,21,2,52,0,1,1,71,90.0,1,3,1.0,80,0.15600624024961,False,False,95.0,16
Good,75,189.0,11,73,27,0,0,96,58.0,7,6,28,1,43,22,0,0,65,78.0,3,3,2.0,75,0.15600624024961,True,False,96.0,21
Good,64,173.0,1,69,43,0,0,93,3.0,6,6,55,4,20,0,2,2,11,100.0,4,2,0.0,35,0.5319148936170213,True,True,78.0,19
Bad,74,311.0,32,118,15,0,0,93,5.0,6,6,15,0,53,0,0,0,6,,2,1,0.0,50,0.5319148936170213,True,True,100.0,7
Good,84,158.0,13,74,14,0,0,100,122.0,7,7,16,0,63,0,1,1,16,82.0,2,3,0.0,71,0.15600624024961,False,False,88.0,11
Bad,69,206.0,9,61,38,0,0,95,42.0,7,6,39,3,64,5,0,0,92,48.0,5,3,3.0,89,0.15600624024961,True,False,97.0,34
Good,87,215.0,34,80,18,0,0,100,122.0,7,7,24,0,33,36,1,1,2,,1,2,0.0,75,0.15600624024961,False,False,75.0,18
Good,63,202.0,8,61,11,1,1,67,11.0,6,6,13,1,50,0,0,0,11,46.0,2,3,0.5,71,0.5319148936170213,True,True,85.0,9
Bad,74,127.0,7,80,31,0,0,98,56.0,7,6,46,3,57,36,1,1,29,88.0,4,3,0.0,78,0.15600624024961,True,False,67.0,35
Good,72,172.0,2,76,23,1,1,96,12.0,7,6,25,4,36,0,3,3,22,,3,3,1.0,46,0.15600624024961,True,False,92.0,11
Bad,72,243.0,11,184,30,0,0,97,46.0,7,6,30,1,30,0,1,0,62,56.0,8,3,3.0,71,0.15600624024961,True,False,100.0,21
Good,60,154.0,5,76,35,3,1,82,4.0,6,4,38,3,34,4,1,1,26,3.0,6,2,2.0,89,0.5319148936170213,True,True,92.0,33
Good,85,176.0,3,71,29,0,0,100,122.0,7,7,32,3,34,36,4,4,1,,2,1,0.0,50,0.15600624024961,False,False,91.0,16
Bad,61,115.0,13,70,16,3,1,74,9.0,4,4,19,0,21,0,3,3,10,2.0,3,2,0.0,56,0.5319148936170213,True,True,84.0,10
Good,79,225.0,2,111,22,3,1,82,28.0,7,3,28,1,14,1,1,1,1,,1,1,0.0,30,0.15600624024961,True,False,79.0,8
Bad,71,183.0,15,73,11,1,0,85,50.0,7,2,13,0,46,0,1,1,49,50.0,2,2,0.0,67,0.15600624024961,True,False,85.0,8
Bad,58,195.0,2,57,26,0,0,100,122.0,7,7,27,4,33,36,4,4,72,100.0,9,2,3.0,92,0.15600624024961,False,False,96.0,24
Bad,62,215.0,7,81,23,2,1,80,16.0,7,2,25,1,20,0,2,1,65,100.0,9,1,3.0,71,0.15600624024961,True,False,92.0,17
Bad,72,183.5,2,16,4,0,0,100,122.0,7,7,6,3,50,36,0,0,29,100.0,2,2,0.0,67,0.15600624024961,False,False,67.0,4
Bad,88,293.0,26,75,19,0,0,100,122.0,7,7,35,0,16,0,0,0,1,,1,1,0.0,33,0.15600624024961,False,False,54.0,11
Bad,60,107.0,7,51,24,0,0,100,122.0,7,7,24,1,42,0,3,3,64,50.0,8,3,5.0,79,0.15600624024961,False,False,100.0,18
Bad,69,121.0,3,55,31,1,1,97,43.0,7,4,32,2,59,0,1,1,43,66.0,5,6,0.0,73,0.15600624024961,True,False,97.0,23
Bad,62,254.0,20,69,11,5,4,69,24.0,7,2,21,0,44,0,0,0,40,44.0,5,2,2.0,100,0.15600624024961,True,False,52.0,21
Bad,66,157.0,18,42,16,0,0,100,122.0,7,7,16,0,25,0,3,3,93,53.0,11,3,5.0,100,0.15600624024961,False,False,100.0,16
Bad,59,442.0,0,115,21,2,2,68,3.0,2,2,26,2,27,0,1,1,33,70.0,5,3,1.0,63,0.5319148936170213,True,True,81.0,16
Good,67,94.0,4,55,36,1,1,95,50.0,7,2,38,4,32,0,5,5,12,81.0,5,4,1.0,64,0.15600624024961,True,False,95.0,24
Bad,64,181.0,3,75,35,0,0,92,3.0,6,6,37,3,32,0,7,7,21,60.0,3,2,1.0,55,0.5319148936170213,True,True,95.0,20
Good,59,365.0,9,105,21,0,0,87,3.0,6,6,23,1,48,0,0,0,63,72.0,6,4,2.0,91,0.5319148936170213,True,True,91.0,20
Good,81,199.0,4,94,36,0,0,100,122.0,7,7,36,2,53,0,4,4,9,11.0,2,7,0.0,50,0.15600624024961,False,False,100.0,18
Good,79,112.0,2,52,39,0,0,100,122.0,7,7,77,3,12,1,2,2,22,51.0,4,2,1.0,55,0.15600624024961,False,False,51.0,42
Bad,73,169.0,6,105,20,0,0,95,21.0,7,6,21,1,14,0,0,0,39,21.0,2,2,0.0,57,0.15600624024961,True,False,95.0,11
Bad,67,228.0,19,126,10,0,0,82,15.0,7,6,12,0,18,36,3,3,37,,6,1,1.0,88,0.15600624024961,True,False,83.0,10
Bad,70,77.0,9,66,5,1,1,83,25.0,7,2,10,1,33,36,0,0,35,,1,2,0.0,100,0.15600624024961,True,False,50.0,10
Good,82,351.0,11,101,30,0,0,100,122.0,7,7,31,1,6,36,0,0,8,50.0,8,1,1.0,39,0.15600624024961,False,False,97.0,12
Good,86,206.0,18,100,18,0,0,100,122.0,7,7,24,0,38,36,2,2,0,,0,1,0.0,50,0.15600624024961,False,False,75.0,12
Bad,70,127.0,25,57,23,0,0,96,57.5,7,6,24,0,13,0,0,0,51,,9,2,1.0,67,0.15600624024961,True,False,96.0,16
Good,64,155.0,6,61,12,1,1,93,42.0,7,2,14,1,50,0,5,4,92,97.0,5,2,2.0,100,0.15600624024961,True,False,86.0,14
Bad,78,129.0,4,59,37,0,0,100,122.0,7,7,47,1,64,0,1,1,54,110.0,6,7,1.0,87,0.15600624024961,False,False,79.0,40
Good,87,156.0,6,104,13,0,0,100,122.0,7,7,13,1,15,0,0,0,26,,2,1,0.0,30,0.15600624024961,False,False,100.0,3
Good,81,207.0,14,105,27,0,0,96,46.0,7,6,56,0,32,0,1,1,1,40.0,1,3,0.0,44,0.15600624024961,True,False,48.0,24
Bad,73,196.0,145,164,5,1,1,71,47.0,7,3,19,0,29,36,0,0,27,,3,1,0.5,100,0.15600624024961,True,False,26.0,19
Bad,79,340.0,4,80,52,0,0,96,10.0,6,6,77,2,13,6,0,0,2,,2,1,0.0,12,0.5319148936170213,True,True,68.0,9
Bad,60,101.0,13,49,9,2,2,67,10.0,6,2,12,0,83,0,0,0,27,63.0,3,3,0.5,100,0.5319148936170213,True,True,75.0,12
Bad,45,341.0,6,75,25,2,1,85,1.0,5,5,48,3,35,1,1,1,89,,8,1,4.0,83,0.5319148936170213,True,True,52.0,39
Bad,69,447.0,1,167,21,3,0,80,29.0,7,5,25,1,32,8,0,0,72,,5,1,5.0,46,0.15600624024961,True,False,84.0,11
Bad,63,141.0,6,28,2,0,0,50,30.0,7,6,10,1,0,6,0,0,72,,2,2,0.0,100,0.15600624024961,True,False,20.0,10
Bad,68,128.0,8,65,17,0,0,100,122.0,7,7,17,2,65,0,6,6,81,50.0,2,5,2.0,88,0.15600624024961,False,False,100.0,14
Good,74,207.0,3,72,43,0,0,100,122.0,7,7,43,3,35,0,1,1,10,53.0,10,2,0.0,65,0.15600624024961,False,False,100.0,27
Bad,65,269.0,10,100,14,0,0,93,6.0,6,6,14,1,36,0,1,1,86,72.0,4,3,1.0,100,0.5319148936170213,True,True,100.0,14
Good,75,163.0,7,78,27,0,0,100,122.0,7,7,31,1,35,23,0,0,37,67.0,4,2,2.0,55,0.15600624024961,False,False,87.0,17
Good,79,142.0,20,74,23,0,0,100,122.0,7,7,25,0,28,0,1,1,23,,3,1,0.0,83,0.15600624024961,False,False,92.0,20
Good,89,395.0,2,132,11,0,0,100,122.0,7,7,12,1,25,2,2,2,7,99.0,3,1,0.0,67,0.15600624024961,False,False,92.0,8
Bad,71,200.0,23,94,25,0,0,71,5.0,6,6,28,0,36,8,0,0,3,14.0,2,2,0.0,44,0.5319148936170213,True,True,89.0,12
Good,67,256.0,4,67,23,0,0,96,5.0,6,6,23,4,39,0,0,0,9,79.0,7,4,3.0,92,0.5319148936170213,True,True,100.0,21
Bad,40,166.0,3,100,12,11,7,48,1.0,2,2,23,1,17,3,5,5,72,,11,1,3.0,87,0.5319148936170213,True,True,52.0,20
Bad,55,201.0,4,62,33,0,0,88,6.0,6,6,33,5,30,36,2,2,71,70.0,6,5,4.0,61,0.5319148936170213,True,True,100.0,20
Good,75,138.0,5,68,28,0,0,100,122.0,7,7,29,2,54,2,1,1,0,82.0,1,14,0.0,79,0.15600624024961,False,False,97.0,22
Bad,54,244.0,15,92,36,2,2,69,5.0,6,2,42,0,21,0,0,0,78,80.0,12,2,5.0,61,0.5319148936170213,True,True,86.0,25
Good,86,290.0,10,94,25,0,0,100,122.0,7,7,27,1,56,7,0,0,4,29.0,2,4,0.0,60,0.15600624024961,False,False,93.0,16
Good,89,225.0,3,81,11,0,0,100,122.0,7,7,12,2,73,1,3,3,6,91.0,1,3,0.0,80,0.15600624024961,False,False,92.0,9
Bad,66,165.0,6,69,21,2,1,59,23.0,7,3,27,4,48,0,1,1,22,71.0,2,3,0.0,63,0.15600624024961,True,False,78.0,17
Bad,80,318.0,10,79,28,0,0,96,15.0,7,6,28,2,21,36,1,1,7,,6,2,0.0,29,0.15600624024961,True,False,100.0,8
Good,81,134.0,2,60,25,0,0,100,122.0,7,7,27,2,15,36,1,1,32,48.0,6,3,0.0,100,0.15600624024961,False,False,93.0,27
Good,72,180.0,9,71,29,0,0,97,31.0,7,6,32,2,59,10,1,0,35,83.0,5,3,0.0,67,0.15600624024961,True,False,91.0,21
Bad,63,206.0,13,49,17,3,2,89,29.0,7,2,20,0,58,36,1,1,99,63.0,1,6,1.0,100,0.15600624024961,True,False,85.0,20
Good,57,183.0,4,73,24,0,0,79,2.0,6,6,24,3,29,1,4,4,59,77.0,6,3,2.0,82,0.5319148936170213,True,True,100.0,19
Good,66,166.0,5,65,19,0,0,100,122.0,7,7,19,3,16,0,7,7,55,,6,3,4.0,69,0.15600624024961,False,False,100.0,13
Bad,74,188.0,4,79,18,0,0,100,122.0,7,7,19,4,26,0,0,0,46,99.0,6,2,2.0,100,0.15600624024961,False,False,95.0,19
Good,66,52.0,7,7,1,0,0,100,122.0,7,7,2,1,0,36,3,3,48,,1,2,0.5,100,0.15600624024961,False,False,50.0,2
Good,84,157.0,3,74,35,0,0,100,122.0,7,7,35,3,11,36,3,3,2,5.0,1,3,0.0,44,0.15600624024961,False,False,100.0,15
Good,75,164.0,7,65,32,2,0,88,66.0,7,5,34,3,21,0,1,1,7,,4,1,0.0,63,0.15600624024961,True,False,94.0,21
Good,71,300.0,7,68,47,0,0,100,122.0,7,7,69,3,11,6,0,0,12,60.0,6,3,1.0,39,0.15600624024961,False,False,68.0,26
Bad,81,268.0,6,83,12,1,1,92,70.0,7,4,15,4,23,36,0,0,19,,2,1,1.0,33,0.15600624024961,True,False,80.0,4
Good,91,396.0,22,127,18,0,0,100,122.0,7,7,18,0,17,0,0,0,5,,1,2,0.0,50,0.15600624024961,False,False,100.0,9
Bad,61,170.0,3,78,18,3,0,71,36.0,7,2,21,3,57,0,0,0,111,90.0,4,3,3.0,100,0.15600624024961,True,False,86.0,21
Bad,80,207.0,8,92,18,0,0,100,122.0,7,7,18,1,50,9,0,0,28,75.0,3,3,1.0,60,0.15600624024961,False,False,100.0,10
Good,83,183.0,14,73,17,0,0,100,122.0,7,7,17,0,35,14,0,0,20,,3,1,0.0,44,0.15600624024961,False,False,100.0,7
Bad,73,131.0,2,48,27,0,0,100,122.0,7,7,30,4,37,0,2,2,38,25.0,7,2,2.0,53,0.15600624024961,False,False,90.0,15
Bad,59,166.0,13,72,16,2,1,68,3.0,6,2,19,0,42,11,0,0,42,73.0,4,3,2.0,78,0.5319148936170213,True,True,84.0,14
Bad,81,109.0,7,61,12,0,0,100,122.0,7,7,12,2,67,0,1,1,8,82.0,1,8,0.0,82,0.15600624024961,False,False,100.0,9
Good,79,161.0,8,83,17,0,0,100,122.0,7,7,19,2,42,0,1,1,13,,5,1,1.0,86,0.15600624024961,False,False,89.0,16
Good,80,191.0,4,146,59,0,0,100,122.0,7,7,64,1,27,36,3,3,17,74.0,6,6,2.0,50,0.15600624024961,False,False,92.0,32
Good,83,303.0,1,132,13,0,0,100,122.0,7,7,15,2,20,0,2,2,15,,5,1,1.0,75,0.15600624024961,False,False,87.0,11
Bad,80,181.0,9,53,13,0,0,100,122.0,7,7,13,1,62,0,0,0,44,92.0,2,3,0.0,83,0.15600624024961,False,False,100.0,10
Bad,57,156.0,4,71,13,3,2,75,6.0,2,2,16,1,56,36,1,1,95,49.0,2,2,1.0,100,0.5319148936170213,True,True,81.0,16
Good,87,190.0,16,139,28,0,0,100,122.0,7,7,29,0,34,7,0,0,19,,3,1,0.0,50,0.15600624024961,False,False,97.0,14
Bad,59,76.0,5,38,23,0,0,88,10.0,6,6,24,3,38,0,0,0,69,95.0,4,6,2.0,83,0.5319148936170213,True,True,96.0,19
Good,69,281.0,6,76,36,0,0,100,122.0,7,7,36,2,25,0,4,4,12,83.0,5,2,3.0,41,0.15600624024961,False,False,100.0,14
Bad,66,417.0,17,165,7,1,0,89,3.0,6,5,9,0,56,16,0,0,93,80.0,2,1,1.0,100,0.5319148936170213,True,True,78.0,9
Good,67,139.0,7,73,24,1,1,96,38.0,7,6,25,1,24,4,1,1,48,92.0,5,2,1.0,70,0.15600624024961,True,False,96.0,17
Good,86,137.0,2,75,24,0,0,100,122.0,7,7,25,2,36,0,3,3,7,73.0,2,2,0.0,50,0.15600624024961,False,False,96.0,12
Bad,61,109.0,4,48,11,0,0,92,5.0,6,6,13,2,62,0,5,5,64,82.0,2,2,1.0,80,0.5319148936170213,True,True,85.0,10
Good,81,144.0,5,61,18,0,0,100,122.0,7,7,20,4,25,0,1,0,42,,3,2,0.0,60,0.15600624024961,False,False,90.0,12
Bad,66,64.0,2,41,21,0,0,95,41.0,7,6,22,2,27,0,3,2,67,47.0,3,3,2.0,50,0.15600624024961,True,False,95.0,11
Good,90,177.0,23,112,10,0,0,100,122.0,7,7,10,0,20,0,0,0,0,,2,2,0.0,67,0.15600624024961,False,False,100.0,6
Bad,73,216.0,1,72,41,0,0,100,122.0,7,7,42,4,24,0,10,10,25,88.0,3,4,0.0,50,0.15600624024961,False,False,98.0,21
Good,60,314.0,12,90,27,3,1,76,2.0,4,4,34,0,44,0,0,0,2,87.0,3,2,0.0,50,0.5319148936170213,True,True,79.0,17
Good,83,196.0,29,82,21,0,0,100,122.0,7,7,35,0,57,17,0,0,2,51.0,1,4,0.0,63,0.15600624024961,False,False,60.0,22
Bad,61,232.0,6,77,9,1,0,64,15.0,7,5,11,4,36,4,1,1,76,,2,1,1.0,60,0.15600624024961,True,False,82.0,6
Bad,67,257.0,17,111,16,1,0,68,5.0,5,5,19,0,37,36,1,0,17,56.0,4,2,0.0,60,0.5319148936170213,True,True,84.0,11
Bad,82,112.0,1,50,13,0,0,93,30.0,7,6,14,4,43,0,1,1,8,77.0,2,2,1.0,50,0.15600624024961,True,False,93.0,7
Bad,61,35.0,2,15,15,0,0,100,122.0,7,7,17,8,71,2,1,1,0,81.0,0,7,0.5,75,0.15600624024961,False,False,88.0,12
Good,84,339.0,13,108,43,0,0,95,51.0,7,6,43,0,23,24,0,0,2,79.0,7,3,0.0,50,0.15600624024961,True,False,100.0,21
Bad,81,63.0,6,37,13,0,0,100,122.0,7,7,13,2,31,36,0,0,10,57.0,4,2,0.0,60,0.15600624024961,False,False,100.0,7
Good,80,259.0,2,82,29,0,0,100,122.0,7,7,32,2,59,2,1,1,26,72.0,3,4,0.0,50,0.15600624024961,False,False,91.0,16
Bad,63,136.0,3,73,16,0,0,94,43.0,7,6,16,2,19,0,7,6,98,,5,1,4.0,100,0.15600624024961,True,False,100.0,16
Good,68,170.0,11,78,49,0,0,100,122.0,7,7,54,1,19,12,0,0,1,,2,2,0.0,57,0.15600624024961,False,False,91.0,30
Good,75,463.0,3,86,43,0,0,98,50.0,7,6,46,5,14,36,2,2,15,28.0,5,3,2.0,33,0.15600624024961,True,False,93.0,15
Good,70,206.0,3,63,19,0,0,100,122.0,7,7,21,4,38,8,0,0,69,77.0,9,2,5.0,100,0.15600624024961,False,False,90.0,21
Bad,66,111.0,14,54,14,1,0,94,42.0,7,5,16,0,6,0,0,0,96,,7,2,5.0,100,0.15600624024961,True,False,88.0,16
Good,77,389.0,30,102,22,2,2,92,25.0,7,2,24,0,4,0,1,1,13,,5,2,0.0,36,0.15600624024961,True,False,92.0,8
Bad,66,207.0,20,100,33,0,0,91,5.0,6,6,33,0,39,36,0,0,51,81.0,9,2,2.0,79,0.5319148936170213,True,True,100.0,26
Bad,57,130.0,2,74,24,0,0,88,10.0,6,6,25,1,60,0,2,2,66,85.0,4,2,0.5,86,0.5319148936170213,True,True,96.0,21
Bad,75,217.0,1,74,41,1,1,91,13.0,7,4,43,5,33,0,4,3,7,88.0,3,4,0.0,30,0.15600624024961,True,False,95.0,12
Bad,69,192.0,2,87,14,0,0,94,1.0,6,6,17,1,53,0,1,1,53,115.0,2,1,1.0,60,0.5319148936170213,True,True,82.0,10
Good,71,155.0,1,71,24,0,0,100,122.0,7,7,25,3,32,3,3,3,54,,3,1,1.0,100,0.15600624024961,False,False,96.0,25
Good,85,109.0,35,73,4,0,0,100,122.0,7,7,5,0,0,36,1,0,2,,1,2,0.0,33,0.15600624024961,False,False,80.0,1
Bad,58,285.0,2,75,30,2,2,91,14.0,7,2,34,2,12,0,0,0,80,57.0,12,4,5.0,59,0.15600624024961,True,False,88.0,20
Good,85,226.0,2,84,14,0,0,100,122.0,7,7,27,1,13,2,1,1,6,,6,2,0.0,75,0.15600624024961,False,False,52.0,20
Good,72,135.0,5,50,26,0,0,100,122.0,7,7,26,2,50,0,0,0,78,,4,1,1.0,83,0.15600624024961,False,False,100.0,21
Good,77,390.0,6,103,30,0,0,100,122.0,7,7,30,3,43,0,1,1,45,79.0,3,3,1.0,60,0.15600624024961,False,False,100.0,18
Good,73,200.0,2,74,70,0,0,99,39.0,7,6,71,4,66,1,8,8,9,94.0,4,9,0.0,82,0.15600624024961,True,False,99.0,58
Good,83,202.0,10,98,22,3,1,88,34.0,7,4,25,2,24,1,1,1,6,83.0,4,2,0.0,50,0.15600624024961,True,False,88.0,12
Bad,70,296.0,23,164,13,1,1,92,45.0,7,6,13,0,31,36,1,0,39,2.0,3,2,1.0,63,0.15600624024961,True,False,100.0,8
Bad,62,250.0,2,91,15,2,2,72,7.0,6,2,33,1,44,36,0,0,62,,3,1,1.0,80,0.5319148936170213,True,True,45.0,26
Good,76,400.0,3,97,17,1,1,94,35.0,7,6,17,2,18,2,1,1,2,96.0,4,2,0.0,75,0.15600624024961,True,False,100.0,12
Good,80,201.0,5,94,17,0,0,100,122.0,7,7,17,1,24,0,0,0,36,9.0,4,2,1.0,43,0.15600624024961,False,False,100.0,7
Bad,61,316.0,1,87,38,0,0,93,2.0,6,6,40,3,58,0,2,2,78,71.0,5,6,4.0,73,0.5319148936170213,True,True,95.0,29
Good,88,171.0,17,91,15,0,0,100,122.0,7,7,16,0,50,17,0,0,0,,0,1,0.0,25,0.15600624024961,False,False,94.0,4
Bad,74,341.0,4,89,26,2,1,82,8.0,6,4,33,2,4,6,0,0,7,49.0,6,1,0.0,50,0.5319148936170213,True,True,79.0,16
Bad,69,33.0,4,16,5,0,0,100,122.0,7,7,5,1,20,0,3,2,53,92.0,3,1,0.0,100,0.15600624024961,False,False,100.0,5
Bad,76,107.0,30,57,5,0,0,83,14.0,7,6,6,0,50,0,0,0,30,,1,2,0.0,100,0.15600624024961,True,False,83.0,6
Bad,60,178.0,5,53,23,0,0,75,10.0,6,6,24,6,29,4,2,2,35,75.0,3,3,1.0,55,0.5319148936170213,True,True,96.0,13
Bad,57,158.0,4,77,38,0,0,85,2.0,6,6,39,1,51,0,3,3,44,49.0,13,6,2.0,90,0.5319148936170213,True,True,97.0,35
Bad,64,194.0,8,76,24,1,1,88,9.0,6,2,26,2,48,36,0,0,69,77.0,7,6,6.0,76,0.5319148936170213,True,True,92.0,19
Bad,52,216.0,3,63,17,1,1,88,2.0,6,6,17,4,29,1,4,4,78,,6,1,4.0,70,0.5319148936170213,True,True,100.0,11
Good,73,311.0,4,108,19,0,0,95,11.0,6,6,19,2,42,0,3,3,23,,4,3,1.0,54,0.5319148936170213,True,True,100.0,10
Bad,83,209.0,8,80,4,0,0,100,122.0,7,7,5,1,20,0,0,0,9,,3,2,0.5,75,0.15600624024961,False,False,80.0,3
Good,55,125.0,5,58,10,1,0,50,3.0,6,5,14,2,36,36,1,1,56,71.0,4,4,2.0,89,0.5319148936170213,True,True,71.0,12
Bad,68,116.0,21,59,31,2,2,97,15.0,7,6,33,0,52,0,1,1,16,44.0,2,6,0.0,75,0.15600624024961,True,False,94.0,24
Bad,70,217.0,0,80,29,1,1,97,40.0,2,2,33,2,29,1,1,1,55,10.0,9,3,1.0,86,0.5319148936170213,True,True,88.0,28
Good,58,421.0,1,142,24,0,0,96,12.0,7,6,25,1,20,0,3,3,78,101.0,9,4,7.0,87,0.15600624024961,True,False,96.0,21
Bad,93,399.0,27,174,5,0,0,100,122.0,7,7,5,0,0,2,1,1,0,,0,2,0.0,0,0.15600624024961,False,False,100.0,0
Bad,61,190.0,4,61,44,0,0,89,10.0,6,6,45,2,14,36,0,0,28,73.0,8,4,1.0,55,0.5319148936170213,True,True,98.0,24
Bad,66,74.0,15,49,7,2,0,60,9.0,5,5,10,0,40,0,0,0,0,20.0,1,2,0.5,60,0.5319148936170213,True,True,70.0,6
Bad,57,338.0,3,63,13,2,1,67,13.0,7,5,17,1,60,1,2,2,55,90.0,1,4,1.0,56,0.15600624024961,True,False,76.0,9
Good,56,124.0,5,63,23,2,2,72,2.0,6,4,29,3,62,0,1,1,8,89.0,2,4,0.0,86,0.5319148936170213,True,True,79.0,24
Bad,69,265.0,25,106,10,0,0,67,18.0,7,6,13,0,15,1,2,2,42,,3,1,0.0,57,0.15600624024961,True,False,77.0,7
Good,89,468.0,11,78,10,0,0,100,122.0,7,7,10,1,20,0,0,0,4,,1,1,0.0,33,0.15600624024961,False,False,100.0,3
Good,74,445.0,7,147,15,0,0,100,122.0,7,7,16,1,13,0,1,1,36,,10,1,2.0,92,0.15600624024961,False,False,94.0,14
Bad,72,160.0,20,98,4,1,0,80,25.0,7,5,15,0,0,1,1,1,74,,1,2,0.0,100,0.15600624024961,True,False,27.0,15
Bad,68,119.0,5,66,13,3,2,80,15.0,7,3,15,1,27,0,0,0,10,94.0,3,3,1.0,50,0.15600624024961,True,False,87.0,7
Good,72,239.0,7,86,28,0,0,93,19.0,7,6,30,3,29,36,5,5,11,38.0,6,3,1.0,82,0.15600624024961,True,False,93.0,24
Bad,59,75.0,0,50,2,1,1,50,39.0,7,6,5,1,50,0,7,5,0,,0,2,0.5,0,0.15600624024961,True,False,40.0,0
Good,74,283.0,17,75,10,2,1,92,38.0,7,5,13,0,77,2,2,2,49,,3,2,0.0,100,0.15600624024961,True,False,77.0,13
Good,88,435.0,4,164,19,0,0,100,122.0,7,7,19,1,0,4,1,1,3,,6,2,0.0,43,0.15600624024961,False,False,100.0,8
Bad,57,47.0,4,21,5,0,0,80,32.0,7,6,5,1,60,36,3,3,97,84.0,2,3,1.0,100,0.15600624024961,True,False,100.0,5
Bad,60,197.0,17,81,16,1,1,78,1.0,2,2,18,0,17,0,0,0,6,,3,1,1.0,40,0.5319148936170213,True,True,89.0,7
Bad,64,227.0,1,74,33,2,1,98,23.0,2,5,43,5,26,0,1,1,31,82.0,14,5,3.0,79,0.5319148936170213,True,True,77.0,33
Bad,88,177.0,2,65,14,0,0,100,122.0,7,7,15,2,53,36,0,0,4,93.0,2,2,0.0,80,0.15600624024961,False,False,93.0,12
Bad,88,133.0,14,63,5,0,0,100,122.0,7,7,6,0,40,36,0,0,4,44.0,1,2,0.0,75,0.15600624024961,False,False,83.0,4
Bad,69,208.0,23,125,7,2,0,73,24.0,7,5,11,0,73,36,5,5,27,,3,1,0.5,100,0.15600624024961,True,False,64.0,11
Good,82,401.0,10,161,13,0,0,93,3.0,6,6,14,3,14,0,0,0,5,,2,2,0.0,40,0.5319148936170213,True,True,93.0,5
Bad,66,132.0,16,66,8,2,2,78,64.0,7,2,9,0,56,0,3,3,60,12.0,2,1,1.0,100,0.15600624024961,True,False,89.0,9
Good,85,186.0,8,83,22,0,0,100,122.0,7,7,22,2,18,21,0,0,9,79.0,2,2,0.0,36,0.15600624024961,False,False,100.0,7
Bad,60,198.0,19,57,19,0,0,90,6.0,6,6,21,0,62,36,0,0,71,71.0,6,3,1.0,100,0.5319148936170213,True,True,90.0,21
Good,89,193.0,9,114,13,0,0,100,122.0,7,7,14,1,43,0,0,0,1,88.0,2,2,0.0,67,0.15600624024961,False,False,93.0,9
Good,89,353.0,40,140,19,0,0,100,122.0,7,7,19,0,11,0,0,0,7,,3,1,0.0,36,0.15600624024961,False,False,100.0,6
Good,78,188.0,3,72,20,1,1,96,45.0,7,3,24,7,43,0,2,2,1,91.0,1,5,0.0,43,0.15600624024961,True,False,83.0,10
Bad,63,291.0,9,88,25,0,0,84,3.0,6,6,25,2,32,0,0,0,30,73.0,7,2,1.0,82,0.5319148936170213,True,True,100.0,20
